data_hora;temp_ambiente;temp_agua
16/6/2023 14:48:44;27.86;29.56
16/6/2023 14:49:15;27.86;29.50
16/6/2023 14:49:46;27.86;29.56
16/6/2023 14:50:16;27.86;29.56
16/6/2023 14:50:47;27.86;29.50
16/6/2023 14:51:18;27.86;29.50
16/6/2023 14:51:48;27.86;29.50
16/6/2023 14:52:19;27.86;29.50
16/6/2023 14:52:50;27.86;29.50
16/6/2023 14:53:20;27.86;29.50
16/6/2023 14:53:51;27.86;29.56
16/6/2023 14:54:22;27.86;29.56
16/6/2023 14:54:52;27.86;29.56
16/6/2023 14:55:23;27.86;29.69
16/6/2023 14:55:54;27.86;29.75
16/6/2023 14:56:24;27.86;29.75
16/6/2023 14:56:55;27.86;29.75
16/6/2023 14:57:26;27.86;29.75
16/6/2023 14:57:56;27.86;29.81
16/6/2023 14:58:27;27.86;29.75
16/6/2023 14:58:58;27.86;29.81
16/6/2023 14:59:28;27.86;29.87
16/6/2023 14:59:59;27.86;29.87
16/6/2023 15:0:30;27.86;29.81
16/6/2023 15:1:0;27.86;29.81
16/6/2023 15:1:31;27.86;29.81
16/6/2023 15:2:2;27.86;29.81
16/6/2023 15:2:32;27.86;29.81
16/6/2023 15:3:3;27.86;29.81
16/6/2023 15:3:33;27.86;29.81
16/6/2023 15:4:4;27.86;29.81
16/6/2023 15:4:35;27.86;29.81
16/6/2023 15:5:5;27.86;29.81
16/6/2023 15:5:36;27.86;29.81
16/6/2023 15:6:7;27.86;29.81
16/6/2023 15:6:37;27.86;29.81
16/6/2023 15:7:8;27.86;29.75
16/6/2023 15:7:39;27.86;29.75
16/6/2023 15:8:9;27.86;29.69
16/6/2023 15:8:40;27.86;29.75
16/6/2023 15:9:11;27.86;29.75
16/6/2023 15:9:41;27.86;29.75
16/6/2023 15:10:12;27.86;29.69
16/6/2023 15:10:43;27.86;29.69
16/6/2023 15:11:13;27.86;29.69
16/6/2023 15:11:44;27.86;29.75
16/6/2023 15:12:15;27.86;29.81
16/6/2023 15:12:45;27.86;29.87
16/6/2023 15:13:16;27.86;29.87
16/6/2023 15:13:47;27.86;29.87
16/6/2023 15:14:17;27.86;29.87
16/6/2023 15:14:48;27.86;29.94
16/6/2023 15:15:19;27.86;30.00
16/6/2023 15:15:49;27.86;30.00
16/6/2023 15:16:20;27.86;29.94
16/6/2023 15:16:51;27.86;29.94
16/6/2023 15:17:21;27.86;29.94
16/6/2023 15:17:52;27.86;30.00
16/6/2023 15:18:23;27.86;30.00
16/6/2023 15:18:53;27.86;29.94
16/6/2023 15:19:24;27.86;29.94
16/6/2023 15:19:55;27.86;30.00
16/6/2023 15:20:25;27.86;30.00
16/6/2023 15:20:56;27.86;29.94
16/6/2023 15:21:27;27.86;29.94
16/6/2023 15:21:57;27.86;29.94
16/6/2023 15:22:28;27.86;29.94
16/6/2023 15:22:59;27.86;29.94
16/6/2023 15:23:29;27.86;29.94
16/6/2023 15:24:0;27.86;29.87
16/6/2023 15:24:31;27.86;29.94
16/6/2023 15:25:1;27.86;29.94
16/6/2023 15:25:32;27.86;29.87
16/6/2023 15:26:3;27.86;29.87
16/6/2023 15:26:33;27.86;29.87
16/6/2023 15:27:4;27.86;29.87
16/6/2023 15:27:35;27.86;29.81
16/6/2023 15:28:5;27.86;29.87
16/6/2023 15:28:36;27.86;29.87
16/6/2023 15:29:7;27.86;29.81
16/6/2023 15:29:37;27.86;29.81
16/6/2023 15:30:8;27.86;29.81
16/6/2023 15:30:39;27.86;29.81
16/6/2023 15:31:9;27.86;29.87
16/6/2023 15:31:40;27.86;29.87
16/6/2023 15:32:11;27.86;29.94
16/6/2023 15:32:41;27.86;30.00
16/6/2023 15:33:12;27.86;30.00
16/6/2023 15:33:43;27.86;30.06
16/6/2023 15:34:13;27.86;30.06
16/6/2023 15:34:44;27.86;29.94
16/6/2023 15:35:15;27.86;30.00
16/6/2023 15:35:45;27.86;29.94
16/6/2023 15:36:16;27.86;30.06
16/6/2023 15:36:47;27.86;30.00
16/6/2023 15:37:17;27.86;30.00
16/6/2023 15:37:48;27.86;30.00
16/6/2023 15:38:19;27.86;30.06
16/6/2023 15:38:49;27.86;30.00
16/6/2023 15:39:20;27.86;30.00
16/6/2023 15:39:51;27.86;30.00
16/6/2023 15:40:21;27.86;30.00
16/6/2023 15:40:52;27.86;29.94
16/6/2023 15:41:23;27.86;29.94
16/6/2023 15:41:53;27.86;30.00
16/6/2023 15:42:24;27.86;29.94
16/6/2023 15:42:55;27.86;29.94
16/6/2023 15:43:25;27.86;29.94
16/6/2023 15:43:56;27.86;29.87
16/6/2023 15:44:27;27.37;29.87
16/6/2023 15:44:57;27.37;29.81
16/6/2023 15:45:28;27.37;29.81
16/6/2023 15:45:59;27.37;29.81
16/6/2023 15:46:29;27.37;29.81
16/6/2023 15:47:0;27.37;29.81
16/6/2023 15:47:31;27.37;29.81
16/6/2023 15:48:1;27.37;29.81
16/6/2023 15:48:32;27.37;29.87
16/6/2023 15:49:3;27.37;29.87
16/6/2023 15:49:33;27.37;29.94
16/6/2023 15:50:4;27.37;29.94
16/6/2023 15:50:35;27.37;30.00
16/6/2023 15:51:5;27.37;30.06
16/6/2023 15:51:36;27.37;30.06
16/6/2023 15:52:7;27.37;30.12
16/6/2023 15:52:37;27.37;30.06
16/6/2023 15:53:8;27.37;29.94
16/6/2023 15:53:39;27.37;30.00
16/6/2023 15:54:9;27.37;30.06
16/6/2023 15:54:41;27.37;30.00
16/6/2023 15:55:11;27.37;30.06
16/6/2023 15:55:42;27.37;30.06
16/6/2023 15:56:13;27.37;30.06
16/6/2023 15:56:43;27.37;30.06
16/6/2023 15:57:14;27.37;30.06
16/6/2023 15:57:45;27.37;30.06
16/6/2023 15:58:15;27.86;30.06
16/6/2023 15:58:46;27.37;30.00
16/6/2023 15:59:17;27.37;30.00
16/6/2023 15:59:47;27.37;30.00
16/6/2023 16:0:18;27.37;29.94
16/6/2023 16:0:49;27.37;30.00
16/6/2023 16:1:19;27.37;29.94
16/6/2023 16:1:50;26.88;29.87
16/6/2023 16:2:21;26.88;29.94
16/6/2023 16:2:51;26.88;29.94
16/6/2023 16:3:22;26.88;29.94
16/6/2023 16:3:53;26.88;29.87
16/6/2023 16:4:23;26.88;29.87
16/6/2023 16:4:54;26.88;29.87
16/6/2023 16:5:25;26.88;29.81
16/6/2023 16:5:55;26.39;29.81
16/6/2023 16:6:26;26.88;29.87
16/6/2023 16:6:57;26.88;29.87
16/6/2023 16:7:27;26.88;29.94
16/6/2023 16:7:58;26.88;29.94
16/6/2023 16:8:29;26.88;29.94
16/6/2023 16:8:59;26.88;29.94
16/6/2023 16:9:30;26.88;30.06
16/6/2023 16:10:1;26.88;30.12
16/6/2023 16:10:31;26.88;30.06
16/6/2023 16:11:2;26.88;30.19
16/6/2023 16:11:33;26.88;30.06
16/6/2023 16:12:3;26.88;30.06
16/6/2023 16:12:34;26.88;30.12
16/6/2023 16:13:5;26.88;30.12
16/6/2023 16:13:35;26.88;30.06
16/6/2023 16:14:6;26.88;30.12
16/6/2023 16:14:37;26.88;30.06
16/6/2023 16:15:7;26.88;30.12
16/6/2023 16:15:38;26.88;30.06
16/6/2023 16:16:9;26.88;30.06
16/6/2023 16:16:39;26.88;30.06
16/6/2023 16:17:10;26.88;30.06
16/6/2023 16:17:41;26.88;30.12
16/6/2023 16:18:11;26.88;30.06
16/6/2023 16:18:42;26.88;30.00
16/6/2023 16:19:13;26.88;30.00
16/6/2023 16:19:43;26.88;30.00
16/6/2023 16:20:14;26.88;30.00
16/6/2023 16:20:45;26.88;30.00
16/6/2023 16:21:15;26.88;30.00
16/6/2023 16:21:46;26.88;30.00
16/6/2023 16:22:17;26.88;29.94
16/6/2023 16:22:47;26.88;29.87
16/6/2023 16:23:18;26.88;29.94
16/6/2023 16:23:48;26.88;29.87
16/6/2023 16:24:19;26.88;29.87
16/6/2023 16:24:50;26.88;29.87
16/6/2023 16:25:20;26.88;29.87
16/6/2023 16:25:51;26.88;29.87
16/6/2023 16:26:22;26.88;29.94
16/6/2023 16:26:52;26.88;30.00
16/6/2023 16:27:23;26.88;29.94
16/6/2023 16:27:54;26.88;30.00
16/6/2023 16:28:24;26.88;30.06
16/6/2023 16:28:55;26.88;30.06
16/6/2023 16:29:26;26.88;30.12
16/6/2023 16:29:56;26.88;30.12
16/6/2023 16:30:27;26.88;30.12
16/6/2023 16:30:58;26.88;30.06
16/6/2023 16:31:28;26.88;30.06
16/6/2023 16:31:59;26.88;30.06
16/6/2023 16:32:30;26.88;30.06
16/6/2023 16:33:0;26.88;30.06
16/6/2023 16:33:31;26.88;30.06
16/6/2023 16:34:2;26.88;30.06
16/6/2023 16:34:32;26.88;30.06
16/6/2023 16:35:3;26.39;30.06
16/6/2023 16:35:34;26.88;30.06
16/6/2023 16:36:4;26.88;30.12
16/6/2023 16:36:35;26.88;30.06
16/6/2023 16:37:6;26.88;30.12
16/6/2023 16:37:36;26.88;30.12
16/6/2023 16:38:7;26.88;30.06
16/6/2023 16:38:38;26.39;30.00
16/6/2023 16:39:8;26.88;30.00
16/6/2023 16:39:39;26.88;30.00
16/6/2023 16:40:10;26.88;30.00
16/6/2023 16:40:40;26.39;30.00
16/6/2023 16:41:11;26.39;30.00
16/6/2023 16:41:42;26.39;29.94
16/6/2023 16:42:12;26.39;29.94
16/6/2023 16:42:43;26.39;29.94
16/6/2023 16:43:14;26.88;29.94
16/6/2023 16:43:44;26.39;29.94
16/6/2023 16:44:15;26.39;29.94
16/6/2023 16:44:46;26.39;29.87
16/6/2023 16:45:16;26.39;29.94
16/6/2023 16:45:47;26.88;29.94
16/6/2023 16:46:18;26.88;30.00
16/6/2023 16:46:48;26.88;30.06
16/6/2023 16:47:19;26.39;30.12
16/6/2023 16:47:50;26.39;30.12
16/6/2023 16:48:20;26.39;30.19
16/6/2023 16:48:51;26.39;30.19
16/6/2023 16:49:22;26.39;30.19
16/6/2023 16:49:52;26.39;30.12
16/6/2023 16:50:23;26.39;30.06
16/6/2023 16:50:54;26.39;30.12
16/6/2023 16:51:24;26.88;30.12
16/6/2023 16:51:55;26.39;30.19
16/6/2023 16:52:26;26.39;30.12
16/6/2023 16:52:56;26.39;30.19
16/6/2023 16:53:27;26.39;30.12
16/6/2023 16:53:58;26.39;30.19
16/6/2023 16:54:28;26.39;30.12
16/6/2023 16:54:59;26.39;30.12
16/6/2023 16:55:30;26.39;30.12
16/6/2023 16:56:0;26.39;30.12
16/6/2023 16:56:31;26.39;30.06
16/6/2023 16:57:2;26.39;30.12
16/6/2023 16:57:32;26.88;30.06
16/6/2023 16:58:3;26.88;30.06
16/6/2023 16:58:34;26.88;30.00
16/6/2023 16:59:4;26.88;30.00
16/6/2023 16:59:35;26.88;30.06
16/6/2023 17:0:6;26.88;30.00
16/6/2023 17:0:37;26.88;30.06
16/6/2023 17:1:8;26.88;30.00
16/6/2023 17:1:38;26.88;30.00
16/6/2023 17:2:9;26.88;30.00
16/6/2023 17:2:40;26.88;30.00
16/6/2023 17:3:10;26.88;30.00
16/6/2023 17:3:41;26.88;29.94
16/6/2023 17:4:12;26.88;29.94
16/6/2023 17:4:42;26.88;29.87
16/6/2023 17:5:13;26.88;30.00
16/6/2023 17:5:44;26.88;30.00
16/6/2023 17:6:14;26.88;30.06
16/6/2023 17:6:45;26.88;30.06
16/6/2023 17:7:16;26.39;30.12
16/6/2023 17:7:46;26.39;30.12
16/6/2023 17:8:17;26.39;30.19
16/6/2023 17:8:48;26.39;30.19
16/6/2023 17:9:18;26.39;30.19
16/6/2023 17:9:49;26.39;30.12
16/6/2023 17:10:20;26.39;30.12
16/6/2023 17:10:50;26.39;30.12
16/6/2023 17:11:21;26.39;30.12
16/6/2023 17:11:52;26.39;30.19
16/6/2023 17:12:22;26.39;30.06
16/6/2023 17:12:53;26.39;30.06
16/6/2023 17:13:24;26.88;30.06
16/6/2023 17:13:54;26.88;30.06
16/6/2023 17:14:25;26.88;30.00
16/6/2023 17:14:56;26.88;29.94
16/6/2023 17:15:26;26.88;30.00
16/6/2023 17:15:57;26.88;29.94
16/6/2023 17:16:28;26.88;29.87
16/6/2023 17:16:58;26.39;29.87
16/6/2023 17:17:29;26.88;29.87
16/6/2023 17:18:0;26.39;29.81
16/6/2023 17:18:30;26.88;29.87
16/6/2023 17:19:1;26.39;29.87
16/6/2023 17:19:32;26.39;29.81
16/6/2023 17:20:2;26.39;29.81
16/6/2023 17:20:33;26.88;29.81
16/6/2023 17:21:4;26.88;29.75
16/6/2023 17:21:34;26.88;29.75
16/6/2023 17:22:5;26.88;29.75
16/6/2023 17:22:36;26.88;29.69
16/6/2023 17:23:6;26.88;29.75
16/6/2023 17:23:37;26.88;29.62
16/6/2023 17:24:8;26.88;29.62
16/6/2023 17:24:38;26.88;29.62
16/6/2023 17:25:9;26.88;29.69
16/6/2023 17:25:40;26.39;29.75
16/6/2023 17:26:10;26.39;29.69
16/6/2023 17:26:41;26.39;29.75
16/6/2023 17:27:12;26.39;29.81
16/6/2023 17:27:42;26.39;29.81
16/6/2023 17:28:13;26.88;29.75
16/6/2023 17:28:44;26.88;29.81
16/6/2023 17:29:14;26.88;29.81
16/6/2023 17:29:45;26.88;29.81
16/6/2023 17:30:16;26.88;29.87
16/6/2023 17:30:46;26.39;29.87
16/6/2023 17:31:17;26.39;29.94
16/6/2023 17:31:48;26.39;29.75
16/6/2023 17:32:18;26.39;29.81
16/6/2023 17:32:49;26.39;29.81
16/6/2023 17:33:19;26.39;29.81
16/6/2023 17:33:50;26.39;29.87
16/6/2023 17:34:21;26.39;29.75
16/6/2023 17:34:51;26.88;29.75
16/6/2023 17:35:22;26.39;29.75
16/6/2023 17:35:53;26.39;29.75
16/6/2023 17:36:23;26.39;29.69
16/6/2023 17:36:54;26.39;29.69
16/6/2023 17:37:25;26.88;29.69
16/6/2023 17:37:55;26.39;29.69
16/6/2023 17:38:26;26.39;29.69
16/6/2023 17:38:57;26.88;29.56
16/6/2023 17:39:27;26.39;29.62
16/6/2023 17:39:58;26.39;29.56
16/6/2023 17:40:29;26.39;29.56
16/6/2023 17:40:59;26.39;29.50
16/6/2023 17:41:30;26.39;29.56
16/6/2023 17:42:1;26.39;29.56
16/6/2023 17:42:31;26.39;29.62
16/6/2023 17:43:2;26.39;29.56
16/6/2023 17:43:33;26.39;29.56
16/6/2023 17:44:3;26.39;29.62
16/6/2023 17:44:34;26.39;29.62
16/6/2023 17:45:5;26.39;29.69
16/6/2023 17:45:35;26.39;29.69
16/6/2023 17:46:6;26.39;29.69
16/6/2023 17:46:37;26.39;29.69
16/6/2023 17:47:7;26.39;29.75
16/6/2023 17:47:38;26.39;29.75
16/6/2023 17:48:9;26.39;29.75
16/6/2023 17:48:39;26.39;29.75
16/6/2023 17:49:10;26.39;29.75
16/6/2023 17:49:41;26.39;29.69
16/6/2023 17:50:11;26.39;29.75
16/6/2023 17:50:42;26.39;29.69
16/6/2023 17:51:13;26.39;29.75
16/6/2023 17:51:43;26.39;29.75
16/6/2023 17:52:14;26.39;29.69
16/6/2023 17:52:45;26.39;29.62
16/6/2023 17:53:15;26.39;29.69
16/6/2023 17:53:46;26.39;29.62
16/6/2023 17:54:17;26.39;29.62
16/6/2023 17:54:47;26.39;29.69
16/6/2023 17:55:18;26.39;29.69
16/6/2023 17:55:49;26.39;29.62
16/6/2023 17:56:19;26.39;29.56
16/6/2023 17:56:50;26.39;29.56
16/6/2023 17:57:21;26.39;29.62
16/6/2023 17:57:51;26.39;29.56
16/6/2023 17:58:22;26.39;29.56
16/6/2023 17:58:53;26.39;29.56
16/6/2023 17:59:23;25.90;29.62
16/6/2023 17:59:54;26.39;29.56
16/6/2023 18:0:25;26.39;29.56
16/6/2023 18:0:55;26.39;29.62
16/6/2023 18:1:26;26.39;29.56
16/6/2023 18:1:57;26.39;29.62
16/6/2023 18:2:27;26.39;29.62
16/6/2023 18:2:58;26.39;29.56
16/6/2023 18:3:29;26.39;29.62
16/6/2023 18:3:59;26.39;29.62
16/6/2023 18:4:30;26.39;29.62
16/6/2023 18:5:1;26.39;29.62
16/6/2023 18:5:31;26.39;29.69
16/6/2023 18:6:2;26.39;29.75
16/6/2023 18:6:33;26.39;29.81
16/6/2023 18:7:4;26.39;29.69
16/6/2023 18:7:35;26.39;29.69
16/6/2023 18:8:5;26.39;29.75
16/6/2023 18:8:36;26.39;29.75
16/6/2023 18:9:7;26.39;29.75
16/6/2023 18:9:37;26.39;29.69
16/6/2023 18:10:8;25.90;29.69
16/6/2023 18:10:39;25.90;29.69
16/6/2023 18:11:9;26.39;29.69
16/6/2023 18:11:40;26.39;29.75
16/6/2023 18:12:11;26.39;29.69
16/6/2023 18:12:41;26.39;29.69
16/6/2023 18:13:12;26.39;29.69
16/6/2023 18:13:43;26.39;29.69
16/6/2023 18:14:13;26.39;29.62
16/6/2023 18:14:44;26.39;29.62
16/6/2023 18:15:15;26.39;29.62
16/6/2023 18:15:45;25.90;29.62
16/6/2023 18:16:16;26.39;29.62
16/6/2023 18:16:47;25.90;29.56
16/6/2023 18:17:17;25.90;29.62
16/6/2023 18:17:48;25.90;29.56
16/6/2023 18:18:19;25.90;29.56
16/6/2023 18:18:49;26.39;29.56
16/6/2023 18:19:20;26.39;29.56
16/6/2023 18:19:51;26.39;29.56
16/6/2023 18:20:21;26.39;29.56
16/6/2023 18:20:52;26.39;29.56
16/6/2023 18:21:23;26.39;29.50
16/6/2023 18:21:53;25.90;29.56
16/6/2023 18:22:24;25.90;29.62
16/6/2023 18:22:55;25.90;29.62
16/6/2023 18:23:25;25.90;29.69
16/6/2023 18:23:56;25.90;29.69
16/6/2023 18:24:27;25.90;29.69
16/6/2023 18:24:57;25.90;29.75
16/6/2023 18:25:28;25.90;29.75
16/6/2023 18:25:58;25.90;29.69
16/6/2023 18:26:29;25.90;29.69
16/6/2023 18:27:0;25.90;29.69
16/6/2023 18:27:30;25.90;29.75
16/6/2023 18:28:1;25.90;29.69
16/6/2023 18:28:32;25.90;29.69
16/6/2023 18:29:2;25.90;29.69
16/6/2023 18:29:33;25.90;29.69
16/6/2023 18:30:4;25.90;29.69
16/6/2023 18:30:34;25.90;29.62
16/6/2023 18:31:5;25.90;29.62
16/6/2023 18:31:36;25.90;29.62
16/6/2023 18:32:6;25.90;29.69
16/6/2023 18:32:37;25.90;29.69
16/6/2023 18:33:8;25.90;29.75
16/6/2023 18:33:38;25.90;29.69
16/6/2023 18:34:9;25.90;29.69
16/6/2023 18:34:40;25.90;29.69
16/6/2023 18:35:10;25.90;29.62
16/6/2023 18:35:41;25.90;29.62
16/6/2023 18:36:12;25.90;29.56
16/6/2023 18:36:42;25.90;29.56
16/6/2023 18:37:13;25.90;29.62
16/6/2023 18:37:44;25.90;29.62
16/6/2023 18:38:14;25.90;29.62
16/6/2023 18:38:45;25.90;29.62
16/6/2023 18:39:16;25.90;29.62
16/6/2023 18:39:46;25.90;29.62
16/6/2023 18:40:17;25.90;29.69
16/6/2023 18:40:48;25.90;29.69
16/6/2023 18:41:18;25.90;29.62
16/6/2023 18:41:49;25.90;29.62
16/6/2023 18:42:20;25.90;29.62
16/6/2023 18:42:50;25.90;29.62
16/6/2023 18:43:21;25.90;29.69
16/6/2023 18:43:52;25.90;29.69
16/6/2023 18:44:22;25.90;29.69
16/6/2023 18:44:53;25.42;29.69
16/6/2023 18:45:24;25.42;29.69
16/6/2023 18:45:54;25.90;29.75
16/6/2023 18:46:25;25.42;29.75
16/6/2023 18:46:56;25.42;29.75
16/6/2023 18:47:26;25.90;29.81
16/6/2023 18:47:57;25.42;29.75
16/6/2023 18:48:28;25.42;29.75
16/6/2023 18:48:58;25.42;29.69
16/6/2023 18:49:29;25.90;29.69
16/6/2023 18:50:0;25.42;29.62
16/6/2023 18:50:30;25.42;29.62
16/6/2023 18:51:1;25.42;29.62
16/6/2023 18:51:32;25.42;29.56
16/6/2023 18:52:2;25.42;29.62
16/6/2023 18:52:33;25.42;29.62
16/6/2023 18:53:4;25.42;29.56
16/6/2023 18:53:34;25.42;29.56
16/6/2023 18:54:5;25.42;29.56
16/6/2023 18:54:36;25.42;29.69
16/6/2023 18:55:6;25.42;29.62
16/6/2023 18:55:37;25.90;29.62
16/6/2023 18:56:8;25.42;29.62
16/6/2023 18:56:38;25.42;29.62
16/6/2023 18:57:9;25.42;29.56
16/6/2023 18:57:40;25.42;29.50
16/6/2023 18:58:10;25.42;29.50
16/6/2023 18:58:41;25.42;29.50
16/6/2023 18:59:12;25.42;29.56
16/6/2023 18:59:42;25.42;29.56
16/6/2023 19:0:13;25.42;29.56
16/6/2023 19:0:44;25.42;29.56
16/6/2023 19:1:14;25.42;29.56
16/6/2023 19:1:45;25.42;29.62
16/6/2023 19:2:16;25.42;29.62
16/6/2023 19:2:46;25.42;29.56
16/6/2023 19:3:17;25.42;29.69
16/6/2023 19:3:48;25.42;29.75
16/6/2023 19:4:18;25.42;29.75
16/6/2023 19:4:49;25.42;29.69
16/6/2023 19:5:20;25.42;29.69
16/6/2023 19:5:50;25.42;29.69
16/6/2023 19:6:21;25.42;29.69
16/6/2023 19:6:52;25.42;29.75
16/6/2023 19:7:22;25.42;29.75
16/6/2023 19:7:53;25.42;29.69
16/6/2023 19:8:24;25.42;29.62
16/6/2023 19:8:54;25.42;29.62
16/6/2023 19:9:25;25.42;29.62
16/6/2023 19:9:55;25.42;29.50
16/6/2023 19:10:26;25.42;29.56
16/6/2023 19:10:57;25.42;29.50
16/6/2023 19:11:27;25.42;29.62
16/6/2023 19:11:58;25.42;29.56
16/6/2023 19:12:29;25.42;29.56
16/6/2023 19:13:0;25.42;29.56
16/6/2023 19:13:31;25.42;29.56
16/6/2023 19:14:1;25.42;29.56
16/6/2023 19:14:32;25.42;29.56
16/6/2023 19:15:3;24.93;29.62
16/6/2023 19:15:33;25.42;29.56
16/6/2023 19:16:4;25.42;29.62
16/6/2023 19:16:35;25.42;29.56
16/6/2023 19:17:5;25.42;29.56
16/6/2023 19:17:36;25.42;29.56
16/6/2023 19:18:7;25.42;29.56
16/6/2023 19:18:37;25.42;29.56
16/6/2023 19:19:8;25.42;29.50
16/6/2023 19:19:39;25.42;29.56
16/6/2023 19:20:9;25.42;29.56
16/6/2023 19:20:40;25.42;29.62
16/6/2023 19:21:11;25.42;29.56
16/6/2023 19:21:41;25.42;29.62
16/6/2023 19:22:12;24.93;29.69
16/6/2023 19:22:43;25.42;29.62
16/6/2023 19:23:13;25.42;29.75
16/6/2023 19:23:44;25.42;29.69
16/6/2023 19:24:15;25.42;29.69
16/6/2023 19:24:45;25.42;29.69
16/6/2023 19:25:16;24.93;29.62
16/6/2023 19:25:47;24.93;29.75
16/6/2023 19:26:17;24.93;29.69
16/6/2023 19:26:48;24.93;29.75
16/6/2023 19:27:19;24.93;29.69
16/6/2023 19:27:49;24.93;29.69
16/6/2023 19:28:20;24.93;29.62
16/6/2023 19:28:51;24.93;29.69
16/6/2023 19:29:21;24.93;29.62
16/6/2023 19:29:52;24.93;29.62
16/6/2023 19:30:23;24.93;29.62
16/6/2023 19:30:53;24.93;29.62
16/6/2023 19:31:24;24.93;29.56
16/6/2023 19:31:55;24.93;29.62
16/6/2023 19:32:25;24.93;29.62
16/6/2023 19:32:56;24.93;29.62
16/6/2023 19:33:27;24.93;29.62
16/6/2023 19:33:57;25.42;29.56
16/6/2023 19:34:28;24.93;29.56
16/6/2023 19:34:59;24.93;29.56
16/6/2023 19:35:29;24.93;29.62
16/6/2023 19:36:0;24.93;29.62
16/6/2023 19:36:31;24.93;29.62
16/6/2023 19:37:1;24.93;29.56
16/6/2023 19:37:32;24.93;29.62
16/6/2023 19:38:3;24.93;29.62
16/6/2023 19:38:33;24.93;29.69
16/6/2023 19:39:4;24.93;29.69
16/6/2023 19:39:34;24.93;29.69
16/6/2023 19:40:5;24.93;29.69
16/6/2023 19:40:36;24.93;29.62
16/6/2023 19:41:6;24.93;29.75
16/6/2023 19:41:37;24.93;29.69
16/6/2023 19:42:8;24.93;29.69
16/6/2023 19:42:38;24.93;29.69
16/6/2023 19:43:9;24.93;29.62
16/6/2023 19:43:40;24.93;29.62
16/6/2023 19:44:10;24.93;29.62
16/6/2023 19:44:41;24.93;29.75
16/6/2023 19:45:12;24.93;29.69
16/6/2023 19:45:42;24.93;29.69
16/6/2023 19:46:13;24.93;29.62
16/6/2023 19:46:44;24.93;29.62
16/6/2023 19:47:14;24.93;29.69
16/6/2023 19:47:45;24.93;29.69
16/6/2023 19:48:16;24.93;29.69
16/6/2023 19:48:46;24.93;29.69
16/6/2023 19:49:17;24.93;29.69
16/6/2023 19:49:48;24.93;29.62
16/6/2023 19:50:18;24.93;29.62
16/6/2023 19:50:49;24.93;29.62
16/6/2023 19:51:20;24.93;29.62
16/6/2023 19:51:50;24.93;29.62
16/6/2023 19:52:21;24.93;29.56
16/6/2023 19:52:52;24.93;29.62
16/6/2023 19:53:22;24.93;29.56
16/6/2023 19:53:53;24.93;29.56
16/6/2023 19:54:24;24.93;29.56
16/6/2023 19:54:54;24.93;29.56
16/6/2023 19:55:25;24.93;29.56
16/6/2023 19:55:56;24.93;29.50
16/6/2023 19:56:26;24.93;29.50
16/6/2023 19:56:57;24.93;29.44
16/6/2023 19:57:28;24.93;29.37
16/6/2023 19:57:58;24.93;29.50
16/6/2023 19:58:29;24.93;29.56
16/6/2023 19:59:0;24.93;29.62
16/6/2023 19:59:30;24.93;29.62
16/6/2023 20:0:1;24.93;29.69
16/6/2023 20:0:32;24.44;29.69
16/6/2023 20:1:2;24.93;29.69
16/6/2023 20:1:33;24.93;29.69
16/6/2023 20:2:4;24.93;29.62
16/6/2023 20:2:34;24.93;29.62
16/6/2023 20:3:5;24.93;29.56
16/6/2023 20:3:36;24.93;29.56
16/6/2023 20:4:6;24.93;29.69
16/6/2023 20:4:37;24.93;29.62
16/6/2023 20:5:8;24.93;29.56
16/6/2023 20:5:38;24.93;29.62
16/6/2023 20:6:9;24.93;29.50
16/6/2023 20:6:40;24.93;29.56
16/6/2023 20:7:10;24.93;29.56
16/6/2023 20:7:41;24.93;29.56
16/6/2023 20:8:12;24.93;29.62
16/6/2023 20:8:42;24.93;29.50
16/6/2023 20:9:13;24.44;29.50
16/6/2023 20:9:43;24.93;29.56
16/6/2023 20:10:14;24.93;29.50
16/6/2023 20:10:45;24.44;29.50
16/6/2023 20:11:15;24.44;29.44
16/6/2023 20:11:46;24.93;29.44
16/6/2023 20:12:17;24.93;29.37
16/6/2023 20:12:47;24.93;29.37
16/6/2023 20:13:18;24.93;29.37
16/6/2023 20:13:49;24.93;29.37
16/6/2023 20:14:19;24.93;29.37
16/6/2023 20:14:50;24.93;29.37
16/6/2023 20:15:21;24.44;29.44
16/6/2023 20:15:51;24.44;29.44
16/6/2023 20:16:22;24.44;29.37
16/6/2023 20:16:53;24.44;29.50
16/6/2023 20:17:23;24.93;29.50
16/6/2023 20:17:54;24.93;29.56
16/6/2023 20:18:25;24.93;29.50
16/6/2023 20:18:56;24.93;29.56
16/6/2023 20:19:27;24.44;29.62
16/6/2023 20:19:57;24.44;29.56
16/6/2023 20:20:28;24.44;29.62
16/6/2023 20:20:59;24.44;29.50
16/6/2023 20:21:29;24.44;29.56
16/6/2023 20:22:0;24.44;29.62
16/6/2023 20:22:31;24.44;29.62
16/6/2023 20:23:1;24.44;29.62
16/6/2023 20:23:32;24.44;29.56
16/6/2023 20:24:3;24.44;29.62
16/6/2023 20:24:33;24.93;29.56
16/6/2023 20:25:4;24.93;29.56
16/6/2023 20:25:35;24.93;29.56
16/6/2023 20:26:5;24.44;29.56
16/6/2023 20:26:36;24.44;29.56
16/6/2023 20:27:7;24.44;29.56
16/6/2023 20:27:37;24.44;29.50
16/6/2023 20:28:8;24.44;29.56
16/6/2023 20:28:39;24.44;29.56
16/6/2023 20:29:9;24.44;29.56
16/6/2023 20:29:40;24.44;29.50
16/6/2023 20:30:11;24.44;29.50
16/6/2023 20:30:41;24.44;29.56
16/6/2023 20:31:12;24.44;29.50
16/6/2023 20:31:42;24.44;29.50
16/6/2023 20:32:13;24.44;29.50
16/6/2023 20:32:44;24.44;29.44
16/6/2023 20:33:14;24.44;29.50
16/6/2023 20:33:45;24.44;29.50
16/6/2023 20:34:16;24.44;29.56
16/6/2023 20:34:46;24.44;29.50
16/6/2023 20:35:17;24.44;29.56
16/6/2023 20:35:48;24.44;29.50
16/6/2023 20:36:18;24.44;29.56
16/6/2023 20:36:49;24.44;29.56
16/6/2023 20:37:20;24.44;29.50
16/6/2023 20:37:50;24.44;29.56
16/6/2023 20:38:21;23.95;29.62
16/6/2023 20:38:52;24.44;29.62
16/6/2023 20:39:22;24.44;29.56
16/6/2023 20:39:53;24.44;29.62
16/6/2023 20:40:24;23.95;29.56
16/6/2023 20:40:54;23.95;29.56
16/6/2023 20:41:25;23.95;29.44
16/6/2023 20:41:56;23.95;29.50
16/6/2023 20:42:26;23.95;29.44
16/6/2023 20:42:57;23.95;29.44
16/6/2023 20:43:28;23.95;29.50
16/6/2023 20:43:58;23.95;29.44
16/6/2023 20:44:29;23.95;29.50
16/6/2023 20:45:0;23.95;29.44
16/6/2023 20:45:30;23.95;29.44
16/6/2023 20:46:1;23.95;29.44
16/6/2023 20:46:32;23.95;29.44
16/6/2023 20:47:2;23.95;29.44
16/6/2023 20:47:33;23.95;29.44
16/6/2023 20:48:4;23.95;29.44
16/6/2023 20:48:34;23.95;29.44
16/6/2023 20:49:5;23.95;29.50
16/6/2023 20:49:36;24.44;29.44
16/6/2023 20:50:6;23.95;29.44
16/6/2023 20:50:37;24.44;29.37
16/6/2023 20:51:8;23.95;29.31
16/6/2023 20:51:38;24.44;29.37
16/6/2023 20:52:9;24.44;29.37
16/6/2023 20:52:40;23.95;29.44
16/6/2023 20:53:10;23.95;29.44
16/6/2023 20:53:41;23.95;29.44
16/6/2023 20:54:12;23.95;29.44
16/6/2023 20:54:42;24.44;29.50
16/6/2023 20:55:13;24.44;29.50
16/6/2023 20:55:43;24.44;29.56
16/6/2023 20:56:14;23.95;29.56
16/6/2023 20:56:45;23.95;29.50
16/6/2023 20:57:15;23.95;29.56
16/6/2023 20:57:46;23.95;29.50
16/6/2023 20:58:17;23.95;29.50
16/6/2023 20:58:47;23.95;29.44
16/6/2023 20:59:18;23.95;29.50
16/6/2023 20:59:49;23.95;29.50
16/6/2023 21:0:19;23.95;29.50
16/6/2023 21:0:50;23.95;29.56
16/6/2023 21:1:21;23.95;29.50
16/6/2023 21:1:51;23.95;29.50
16/6/2023 21:2:22;23.95;29.50
16/6/2023 21:2:53;23.95;29.50
16/6/2023 21:3:23;23.95;29.50
16/6/2023 21:3:54;23.95;29.50
16/6/2023 21:4:25;23.95;29.44
16/6/2023 21:4:55;23.95;29.44
16/6/2023 21:5:26;23.95;29.37
16/6/2023 21:5:57;23.95;29.44
16/6/2023 21:6:27;23.95;29.37
16/6/2023 21:6:58;23.95;29.44
16/6/2023 21:7:29;23.95;29.44
16/6/2023 21:7:59;23.95;29.44
16/6/2023 21:8:30;23.95;29.44
16/6/2023 21:9:1;23.95;29.44
16/6/2023 21:9:31;23.95;29.37
16/6/2023 21:10:2;23.95;29.31
16/6/2023 21:10:33;23.95;29.37
16/6/2023 21:11:3;23.95;29.37
16/6/2023 21:11:34;23.95;29.44
16/6/2023 21:12:5;23.95;29.44
16/6/2023 21:12:35;23.95;29.44
16/6/2023 21:13:6;23.95;29.50
16/6/2023 21:13:37;23.95;29.50
16/6/2023 21:14:7;23.95;29.50
16/6/2023 21:14:38;23.95;29.50
16/6/2023 21:15:9;23.95;29.44
16/6/2023 21:15:39;23.95;29.44
16/6/2023 21:16:10;23.95;29.44
16/6/2023 21:16:41;23.95;29.37
16/6/2023 21:17:11;23.95;29.44
16/6/2023 21:17:42;23.95;29.44
16/6/2023 21:18:12;23.95;29.44
16/6/2023 21:18:43;23.95;29.37
16/6/2023 21:19:14;23.95;29.44
16/6/2023 21:19:44;23.95;29.44
16/6/2023 21:20:15;23.95;29.37
16/6/2023 21:20:46;23.95;29.44
16/6/2023 21:21:16;23.95;29.37
16/6/2023 21:21:47;23.95;29.31
16/6/2023 21:22:18;23.95;29.31
16/6/2023 21:22:48;23.95;29.37
16/6/2023 21:23:19;23.95;29.31
16/6/2023 21:23:50;23.95;29.25
16/6/2023 21:24:20;23.95;29.25
16/6/2023 21:24:51;23.95;29.25
16/6/2023 21:25:22;23.95;29.25
16/6/2023 21:25:53;23.95;29.25
16/6/2023 21:26:24;23.95;29.31
16/6/2023 21:26:54;23.95;29.31
16/6/2023 21:27:25;23.95;29.31
16/6/2023 21:27:56;23.95;29.31
16/6/2023 21:28:26;23.95;29.37
16/6/2023 21:28:57;23.46;29.37
16/6/2023 21:29:28;23.95;29.31
16/6/2023 21:29:58;23.95;29.44
16/6/2023 21:30:29;23.95;29.50
16/6/2023 21:31:0;23.46;29.50
16/6/2023 21:31:30;23.95;29.44
16/6/2023 21:32:1;23.95;29.44
16/6/2023 21:32:32;23.95;29.37
16/6/2023 21:33:2;23.46;29.44
16/6/2023 21:33:33;23.95;29.37
16/6/2023 21:34:4;23.95;29.37
16/6/2023 21:34:34;23.95;29.44
16/6/2023 21:35:5;23.95;29.31
16/6/2023 21:35:36;23.95;29.31
16/6/2023 21:36:6;23.95;29.31
16/6/2023 21:36:37;23.95;29.37
16/6/2023 21:37:7;23.95;29.31
16/6/2023 21:37:38;23.95;29.31
16/6/2023 21:38:9;23.95;29.25
16/6/2023 21:38:39;23.95;29.19
16/6/2023 21:39:10;23.95;29.31
16/6/2023 21:39:41;23.95;29.25
16/6/2023 21:40:11;23.95;29.25
16/6/2023 21:40:42;23.95;29.25
16/6/2023 21:41:13;23.95;29.19
16/6/2023 21:41:43;23.95;29.19
16/6/2023 21:42:14;23.95;29.19
16/6/2023 21:42:45;23.95;29.19
16/6/2023 21:43:15;23.46;29.12
16/6/2023 21:43:46;23.46;29.19
16/6/2023 21:44:17;23.46;29.06
16/6/2023 21:44:47;23.46;29.12
16/6/2023 21:45:18;23.46;29.12
16/6/2023 21:45:49;23.46;29.12
16/6/2023 21:46:19;23.46;29.25
16/6/2023 21:46:50;23.46;29.25
16/6/2023 21:47:21;23.46;29.31
16/6/2023 21:47:51;23.46;29.37
16/6/2023 21:48:22;23.46;29.37
16/6/2023 21:48:53;23.46;29.37
16/6/2023 21:49:23;23.46;29.37
16/6/2023 21:49:54;23.46;29.37
16/6/2023 21:50:25;23.46;29.37
16/6/2023 21:50:55;23.46;29.37
16/6/2023 21:51:26;23.46;29.44
16/6/2023 21:51:57;23.46;29.37
16/6/2023 21:52:27;23.46;29.37
16/6/2023 21:52:58;23.46;29.37
16/6/2023 21:53:29;23.46;29.37
16/6/2023 21:53:59;23.46;29.37
16/6/2023 21:54:30;23.46;29.37
16/6/2023 21:55:1;23.46;29.31
16/6/2023 21:55:31;23.46;29.37
16/6/2023 21:56:2;23.46;29.31
16/6/2023 21:56:33;23.46;29.25
16/6/2023 21:57:3;23.46;29.31
16/6/2023 21:57:34;23.46;29.25
16/6/2023 21:58:4;23.46;29.25
16/6/2023 21:58:35;23.46;29.25
16/6/2023 21:59:6;23.46;29.25
16/6/2023 21:59:36;23.46;29.19
16/6/2023 22:0:7;23.46;29.25
16/6/2023 22:0:38;23.46;29.19
16/6/2023 22:1:8;23.46;29.19
16/6/2023 22:1:39;23.46;29.19
16/6/2023 22:2:10;23.46;29.19
16/6/2023 22:2:40;23.46;29.12
16/6/2023 22:3:11;23.46;29.19
16/6/2023 22:3:42;23.46;29.19
16/6/2023 22:4:12;23.46;29.25
16/6/2023 22:4:43;23.46;29.25
16/6/2023 22:5:14;23.46;29.31
16/6/2023 22:5:44;23.46;29.44
16/6/2023 22:6:15;23.46;29.44
16/6/2023 22:6:46;23.46;29.44
16/6/2023 22:7:16;23.46;29.37
16/6/2023 22:7:47;23.46;29.44
16/6/2023 22:8:18;22.97;29.37
16/6/2023 22:8:48;23.46;29.44
16/6/2023 22:9:19;23.46;29.44
16/6/2023 22:9:50;23.46;29.37
16/6/2023 22:10:20;23.46;29.37
16/6/2023 22:10:51;23.46;29.37
16/6/2023 22:11:22;23.46;29.37
16/6/2023 22:11:52;23.46;29.37
16/6/2023 22:12:23;23.46;29.37
16/6/2023 22:12:54;23.46;29.37
16/6/2023 22:13:24;23.46;29.31
16/6/2023 22:13:55;23.46;29.19
16/6/2023 22:14:26;23.46;29.25
16/6/2023 22:14:56;23.46;29.25
16/6/2023 22:15:27;23.46;29.25
16/6/2023 22:15:58;23.46;29.25
16/6/2023 22:16:28;23.46;29.25
16/6/2023 22:16:59;23.46;29.25
16/6/2023 22:17:30;23.46;29.19
16/6/2023 22:18:0;23.46;29.19
16/6/2023 22:18:31;23.46;29.19
16/6/2023 22:19:1;23.46;29.19
16/6/2023 22:19:32;23.46;29.12
16/6/2023 22:20:3;22.97;29.19
16/6/2023 22:20:33;22.97;29.25
16/6/2023 22:21:4;22.97;29.25
16/6/2023 22:21:35;22.97;29.25
16/6/2023 22:22:5;22.97;29.31
16/6/2023 22:22:36;23.46;29.31
16/6/2023 22:23:7;23.46;29.31
16/6/2023 22:23:37;23.46;29.37
16/6/2023 22:24:8;23.46;29.37
16/6/2023 22:24:39;23.46;29.31
16/6/2023 22:25:9;23.46;29.31
16/6/2023 22:25:40;23.46;29.37
16/6/2023 22:26:11;23.46;29.37
16/6/2023 22:26:41;23.46;29.37
16/6/2023 22:27:12;23.46;29.37
16/6/2023 22:27:43;23.46;29.37
16/6/2023 22:28:13;22.97;29.37
16/6/2023 22:28:44;23.46;29.31
16/6/2023 22:29:15;23.46;29.31
16/6/2023 22:29:45;23.46;29.31
16/6/2023 22:30:16;22.97;29.31
16/6/2023 22:30:47;23.46;29.31
16/6/2023 22:31:18;23.46;29.25
16/6/2023 22:31:49;23.46;29.31
16/6/2023 22:32:19;23.46;29.25
16/6/2023 22:32:50;22.97;29.25
16/6/2023 22:33:21;22.97;29.25
16/6/2023 22:33:51;22.97;29.19
16/6/2023 22:34:22;22.97;29.19
16/6/2023 22:34:52;22.97;29.19
16/6/2023 22:35:23;23.46;29.19
16/6/2023 22:35:54;23.46;29.12
16/6/2023 22:36:24;23.46;29.12
16/6/2023 22:36:55;23.46;29.12
16/6/2023 22:37:26;23.46;29.25
16/6/2023 22:37:56;22.97;29.19
16/6/2023 22:38:27;22.97;29.25
16/6/2023 22:38:58;22.97;29.25
16/6/2023 22:39:28;22.97;29.37
16/6/2023 22:39:59;22.97;29.37
16/6/2023 22:40:30;22.97;29.37
16/6/2023 22:41:0;22.97;29.37
16/6/2023 22:41:31;22.97;29.31
16/6/2023 22:42:2;22.97;29.31
16/6/2023 22:42:32;22.97;29.37
16/6/2023 22:43:3;23.46;29.37
16/6/2023 22:43:34;22.97;29.44
16/6/2023 22:44:4;22.97;29.37
16/6/2023 22:44:35;22.97;29.31
16/6/2023 22:45:6;22.97;29.31
16/6/2023 22:45:36;22.97;29.37
16/6/2023 22:46:7;22.97;29.37
16/6/2023 22:46:38;22.97;29.31
16/6/2023 22:47:8;22.97;29.31
16/6/2023 22:47:39;22.97;29.25
16/6/2023 22:48:10;22.97;29.25
16/6/2023 22:48:40;23.46;29.25
16/6/2023 22:49:11;23.46;29.19
16/6/2023 22:49:42;22.97;29.25
16/6/2023 22:50:12;22.97;29.19
16/6/2023 22:50:43;22.97;29.19
16/6/2023 22:51:14;22.97;29.31
16/6/2023 22:51:44;22.97;29.25
16/6/2023 22:52:15;22.97;29.19
16/6/2023 22:52:45;22.97;29.12
16/6/2023 22:53:16;22.97;29.19
16/6/2023 22:53:47;22.97;29.12
16/6/2023 22:54:17;22.97;29.19
16/6/2023 22:54:48;22.97;29.25
16/6/2023 22:55:19;22.97;29.31
16/6/2023 22:55:49;22.97;29.31
16/6/2023 22:56:20;22.97;29.25
16/6/2023 22:56:51;22.97;29.31
16/6/2023 22:57:21;22.97;29.37
16/6/2023 22:57:52;22.97;29.31
16/6/2023 22:58:23;22.97;29.31
16/6/2023 22:58:53;22.97;29.25
16/6/2023 22:59:24;22.97;29.31
16/6/2023 22:59:55;22.97;29.25
16/6/2023 23:0:25;22.97;29.25
16/6/2023 23:0:56;22.97;29.19
16/6/2023 23:1:27;22.97;29.19
16/6/2023 23:1:58;22.97;29.19
16/6/2023 23:2:28;22.97;29.19
16/6/2023 23:2:59;22.97;29.19
16/6/2023 23:3:29;22.97;29.19
16/6/2023 23:4:0;22.97;29.19
16/6/2023 23:4:31;22.97;29.12
16/6/2023 23:5:1;22.97;29.12
16/6/2023 23:5:32;22.97;29.12
16/6/2023 23:6:3;22.97;29.12
16/6/2023 23:6:33;22.97;29.12
16/6/2023 23:7:4;22.97;29.19
16/6/2023 23:7:35;22.97;29.12
16/6/2023 23:8:5;22.97;29.12
16/6/2023 23:8:36;22.97;29.12
16/6/2023 23:9:7;22.97;29.12
16/6/2023 23:9:37;22.97;29.06
16/6/2023 23:10:8;22.97;29.06
16/6/2023 23:10:39;22.97;29.12
16/6/2023 23:11:9;22.97;29.25
16/6/2023 23:11:40;22.97;29.25
16/6/2023 23:12:11;22.97;29.25
16/6/2023 23:12:41;22.97;29.25
16/6/2023 23:13:12;22.97;29.31
16/6/2023 23:13:43;22.97;29.37
16/6/2023 23:14:13;22.97;29.37
16/6/2023 23:14:44;22.97;29.37
16/6/2023 23:15:15;22.97;29.37
16/6/2023 23:15:45;22.97;29.31
16/6/2023 23:16:16;22.97;29.37
16/6/2023 23:16:47;22.97;29.25
16/6/2023 23:17:17;22.97;29.31
16/6/2023 23:17:48;22.97;29.44
16/6/2023 23:18:19;22.97;29.31
16/6/2023 23:18:49;22.97;29.31
16/6/2023 23:19:20;22.97;29.25
16/6/2023 23:19:51;22.97;29.25
16/6/2023 23:20:21;22.97;29.31
16/6/2023 23:20:52;22.97;29.25
16/6/2023 23:21:23;22.97;29.31
16/6/2023 23:21:53;22.97;29.19
16/6/2023 23:22:24;22.97;29.19
16/6/2023 23:22:54;22.97;29.19
16/6/2023 23:23:25;22.97;29.19
16/6/2023 23:23:56;22.97;29.19
16/6/2023 23:24:26;22.97;29.12
16/6/2023 23:24:57;22.97;29.12
16/6/2023 23:25:28;22.97;29.12
16/6/2023 23:25:58;22.97;29.12
16/6/2023 23:26:29;22.97;29.06
16/6/2023 23:27:0;22.97;29.12
16/6/2023 23:27:30;22.97;29.12
16/6/2023 23:28:1;22.97;29.19
16/6/2023 23:28:32;22.97;29.19
16/6/2023 23:29:2;22.97;29.19
16/6/2023 23:29:33;22.97;29.25
16/6/2023 23:30:4;22.97;29.25
16/6/2023 23:30:34;22.48;29.31
16/6/2023 23:31:5;22.97;29.31
16/6/2023 23:31:36;22.97;29.37
16/6/2023 23:32:6;22.97;29.44
16/6/2023 23:32:37;22.48;29.37
16/6/2023 23:33:8;22.97;29.31
16/6/2023 23:33:38;22.97;29.31
16/6/2023 23:34:9;22.97;29.25
16/6/2023 23:34:40;22.97;29.37
16/6/2023 23:35:10;22.97;29.37
16/6/2023 23:35:41;22.97;29.31
16/6/2023 23:36:12;22.97;29.31
16/6/2023 23:36:42;22.97;29.25
16/6/2023 23:37:14;22.97;29.25
16/6/2023 23:37:44;22.97;29.25
16/6/2023 23:38:15;22.97;29.25
16/6/2023 23:38:45;22.97;29.19
16/6/2023 23:39:16;22.97;29.19
16/6/2023 23:39:47;22.97;29.12
16/6/2023 23:40:17;22.97;29.12
16/6/2023 23:40:48;22.97;29.12
16/6/2023 23:41:19;22.97;29.12
16/6/2023 23:41:49;22.97;29.12
16/6/2023 23:42:20;22.97;29.06
16/6/2023 23:42:51;22.97;29.06
16/6/2023 23:43:21;22.97;29.06
16/6/2023 23:43:52;22.97;29.06
16/6/2023 23:44:23;22.97;29.06
16/6/2023 23:44:53;22.97;29.06
16/6/2023 23:45:24;22.97;29.12
16/6/2023 23:45:55;22.97;29.12
16/6/2023 23:46:25;22.97;29.19
16/6/2023 23:46:56;22.97;29.19
16/6/2023 23:47:27;22.97;29.25
16/6/2023 23:47:57;22.97;29.25
16/6/2023 23:48:28;22.97;29.25
16/6/2023 23:48:59;22.48;29.37
16/6/2023 23:49:29;22.97;29.31
16/6/2023 23:50:0;22.97;29.31
16/6/2023 23:50:31;22.97;29.25
16/6/2023 23:51:1;22.97;29.31
16/6/2023 23:51:32;22.48;29.31
16/6/2023 23:52:3;22.97;29.25
16/6/2023 23:52:33;22.48;29.37
16/6/2023 23:53:4;22.48;29.31
16/6/2023 23:53:35;22.48;29.25
16/6/2023 23:54:5;22.48;29.31
16/6/2023 23:54:36;22.48;29.25
16/6/2023 23:55:6;22.97;29.25
16/6/2023 23:55:37;22.97;29.25
16/6/2023 23:56:8;22.48;29.25
16/6/2023 23:56:38;22.97;29.25
16/6/2023 23:57:9;22.97;29.19
16/6/2023 23:57:40;22.97;29.25
16/6/2023 23:58:10;22.48;29.19
16/6/2023 23:58:41;22.48;29.19
16/6/2023 23:59:12;22.97;29.12
16/6/2023 23:59:42;22.48;29.12
17/6/2023 0:0:13;22.48;29.19
17/6/2023 0:0:44;22.48;29.06
17/6/2023 0:1:14;22.48;29.06
17/6/2023 0:1:45;22.97;29.12
17/6/2023 0:2:16;22.97;29.19
17/6/2023 0:2:46;22.48;29.06
17/6/2023 0:3:17;22.97;29.25
17/6/2023 0:3:48;22.97;29.37
17/6/2023 0:4:18;22.97;29.31
17/6/2023 0:4:49;22.48;29.31
17/6/2023 0:5:20;22.48;29.31
17/6/2023 0:5:50;22.48;29.37
17/6/2023 0:6:21;22.48;29.31
17/6/2023 0:6:52;22.48;29.25
17/6/2023 0:7:22;22.48;29.25
17/6/2023 0:7:53;22.97;29.31
17/6/2023 0:8:24;22.97;29.31
17/6/2023 0:8:54;22.48;29.31
17/6/2023 0:9:25;22.97;29.31
17/6/2023 0:9:56;22.97;29.25
17/6/2023 0:10:26;22.97;29.31
17/6/2023 0:10:57;22.97;29.25
17/6/2023 0:11:27;22.48;29.25
17/6/2023 0:11:58;22.48;29.25
17/6/2023 0:12:29;22.48;29.25
17/6/2023 0:12:59;22.48;29.19
17/6/2023 0:13:30;22.48;29.19
17/6/2023 0:14:1;22.48;29.19
17/6/2023 0:14:31;22.48;29.19
17/6/2023 0:15:2;22.48;29.12
17/6/2023 0:15:33;22.48;29.12
17/6/2023 0:16:3;22.48;29.12
17/6/2023 0:16:34;22.48;29.12
17/6/2023 0:17:5;22.48;29.12
17/6/2023 0:17:35;22.97;29.12
17/6/2023 0:18:6;22.48;29.06
17/6/2023 0:18:37;22.48;29.19
17/6/2023 0:19:7;22.48;29.19
17/6/2023 0:19:38;22.48;29.19
17/6/2023 0:20:9;22.48;29.25
17/6/2023 0:20:39;22.48;29.31
17/6/2023 0:21:10;22.48;29.31
17/6/2023 0:21:41;22.48;29.25
17/6/2023 0:22:11;22.48;29.31
17/6/2023 0:22:42;22.48;29.31
17/6/2023 0:23:13;22.48;29.25
17/6/2023 0:23:43;22.48;29.25
17/6/2023 0:24:14;22.48;29.25
17/6/2023 0:24:45;22.48;29.31
17/6/2023 0:25:15;22.48;29.31
17/6/2023 0:25:46;22.48;29.31
17/6/2023 0:26:17;22.48;29.31
17/6/2023 0:26:47;22.48;29.25
17/6/2023 0:27:18;22.48;29.31
17/6/2023 0:27:48;22.48;29.19
17/6/2023 0:28:19;22.48;29.25
17/6/2023 0:28:50;22.48;29.19
17/6/2023 0:29:20;22.48;29.25
17/6/2023 0:29:51;22.48;29.12
17/6/2023 0:30:22;22.48;29.12
17/6/2023 0:30:52;22.48;29.19
17/6/2023 0:31:23;22.48;29.12
17/6/2023 0:31:54;22.48;29.12
17/6/2023 0:32:24;22.97;29.12
17/6/2023 0:32:55;22.97;29.12
17/6/2023 0:33:26;22.48;29.06
17/6/2023 0:33:56;22.48;29.06
17/6/2023 0:34:27;22.48;29.06
17/6/2023 0:34:58;22.48;29.06
17/6/2023 0:35:28;22.48;29.12
17/6/2023 0:35:59;22.48;29.19
17/6/2023 0:36:30;22.48;29.19
17/6/2023 0:37:0;22.48;29.25
17/6/2023 0:37:31;22.48;29.31
17/6/2023 0:38:2;22.48;29.31
17/6/2023 0:38:32;22.48;29.31
17/6/2023 0:39:3;22.48;29.19
17/6/2023 0:39:34;22.48;29.19
17/6/2023 0:40:4;22.48;29.25
17/6/2023 0:40:35;22.48;29.25
17/6/2023 0:41:6;22.48;29.37
17/6/2023 0:41:36;22.48;29.25
17/6/2023 0:42:7;22.48;29.25
17/6/2023 0:42:38;22.48;29.31
17/6/2023 0:43:8;22.48;29.19
17/6/2023 0:43:39;22.48;29.19
17/6/2023 0:44:10;22.48;29.19
17/6/2023 0:44:41;22.48;29.19
17/6/2023 0:45:11;22.48;29.19
17/6/2023 0:45:42;22.48;29.12
17/6/2023 0:46:13;22.48;29.12
17/6/2023 0:46:43;22.48;29.12
17/6/2023 0:47:14;22.48;29.06
17/6/2023 0:47:45;22.48;29.06
17/6/2023 0:48:15;22.48;29.06
17/6/2023 0:48:46;22.48;29.06
17/6/2023 0:49:17;22.48;29.06
17/6/2023 0:49:47;22.48;29.00
17/6/2023 0:50:18;22.48;29.06
17/6/2023 0:50:49;22.48;29.06
17/6/2023 0:51:19;22.48;29.12
17/6/2023 0:51:50;22.48;29.12
17/6/2023 0:52:21;22.48;29.19
17/6/2023 0:52:51;22.48;29.19
17/6/2023 0:53:22;22.48;29.31
17/6/2023 0:53:53;22.48;29.25
17/6/2023 0:54:23;22.48;29.31
17/6/2023 0:54:54;22.48;29.25
17/6/2023 0:55:25;22.48;29.12
17/6/2023 0:55:55;22.48;29.25
17/6/2023 0:56:26;22.48;29.19
17/6/2023 0:56:57;22.48;29.19
17/6/2023 0:57:27;22.48;29.19
17/6/2023 0:57:58;22.48;29.25
17/6/2023 0:58:28;22.48;29.12
17/6/2023 0:58:59;22.48;29.12
17/6/2023 0:59:30;22.48;29.19
17/6/2023 1:0:0;22.48;29.12
17/6/2023 1:0:31;22.48;29.12
17/6/2023 1:1:2;22.48;29.12
17/6/2023 1:1:32;22.48;29.12
17/6/2023 1:2:3;22.48;29.06
17/6/2023 1:2:34;22.48;29.06
17/6/2023 1:3:4;22.48;29.06
17/6/2023 1:3:35;22.48;29.06
17/6/2023 1:4:6;22.48;29.00
17/6/2023 1:4:36;22.48;29.06
17/6/2023 1:5:7;22.48;29.06
17/6/2023 1:5:38;22.48;29.06
17/6/2023 1:6:8;22.48;29.00
17/6/2023 1:6:39;22.48;29.06
17/6/2023 1:7:10;22.48;29.06
17/6/2023 1:7:40;22.48;29.12
17/6/2023 1:8:11;22.48;29.12
17/6/2023 1:8:42;22.48;29.19
17/6/2023 1:9:12;22.48;29.19
17/6/2023 1:9:43;22.48;29.25
17/6/2023 1:10:14;22.48;29.25
17/6/2023 1:10:44;22.48;29.25
17/6/2023 1:11:15;22.48;29.19
17/6/2023 1:11:46;22.48;29.19
17/6/2023 1:12:16;22.48;29.25
17/6/2023 1:12:47;22.48;29.12
17/6/2023 1:13:18;22.48;29.12
17/6/2023 1:13:48;22.48;29.25
17/6/2023 1:14:19;22.48;29.25
17/6/2023 1:14:49;22.48;29.19
17/6/2023 1:15:20;22.48;29.12
17/6/2023 1:15:51;22.48;29.12
17/6/2023 1:16:21;22.48;29.19
17/6/2023 1:16:52;22.48;29.12
17/6/2023 1:17:23;22.48;29.06
17/6/2023 1:17:53;22.48;29.06
17/6/2023 1:18:24;22.48;29.06
17/6/2023 1:18:55;22.48;29.06
17/6/2023 1:19:25;22.48;29.00
17/6/2023 1:19:56;22.48;29.06
17/6/2023 1:20:27;22.48;29.00
17/6/2023 1:20:57;22.48;29.00
17/6/2023 1:21:28;22.48;29.00
17/6/2023 1:21:59;22.48;29.06
17/6/2023 1:22:29;22.48;29.00
17/6/2023 1:23:0;22.48;29.06
17/6/2023 1:23:31;22.48;29.06
17/6/2023 1:24:1;22.48;29.06
17/6/2023 1:24:32;22.48;29.12
17/6/2023 1:25:3;22.48;29.25
17/6/2023 1:25:33;22.48;29.19
17/6/2023 1:26:4;22.48;29.25
17/6/2023 1:26:35;22.48;29.19
17/6/2023 1:27:5;22.48;29.12
17/6/2023 1:27:36;22.48;29.12
17/6/2023 1:28:7;22.48;29.12
17/6/2023 1:28:37;22.48;29.19
17/6/2023 1:29:8;22.48;29.19
17/6/2023 1:29:39;22.48;29.19
17/6/2023 1:30:9;22.48;29.19
17/6/2023 1:30:40;22.48;29.12
17/6/2023 1:31:10;22.48;29.19
17/6/2023 1:31:41;22.48;29.19
17/6/2023 1:32:12;22.48;29.12
17/6/2023 1:32:42;22.48;29.12
17/6/2023 1:33:13;22.48;29.06
17/6/2023 1:33:44;22.48;29.12
17/6/2023 1:34:14;22.48;29.12
17/6/2023 1:34:45;22.48;29.06
17/6/2023 1:35:16;22.48;29.06
17/6/2023 1:35:46;22.48;29.06
17/6/2023 1:36:17;22.48;29.00
17/6/2023 1:36:48;22.48;29.06
17/6/2023 1:37:18;22.48;29.06
17/6/2023 1:37:49;22.48;29.00
17/6/2023 1:38:20;22.48;28.94
17/6/2023 1:38:50;22.48;29.00
17/6/2023 1:39:21;22.48;29.06
17/6/2023 1:39:52;22.48;29.12
17/6/2023 1:40:22;22.48;29.12
17/6/2023 1:40:53;22.48;29.12
17/6/2023 1:41:24;22.48;29.19
17/6/2023 1:41:54;22.48;29.19
17/6/2023 1:42:25;22.48;29.19
17/6/2023 1:42:56;22.48;29.19
17/6/2023 1:43:26;22.48;29.19
17/6/2023 1:43:57;22.48;29.19
17/6/2023 1:44:28;22.48;29.19
17/6/2023 1:44:58;21.99;29.19
17/6/2023 1:45:29;22.48;29.12
17/6/2023 1:46:0;22.48;29.19
17/6/2023 1:46:30;22.48;29.19
17/6/2023 1:47:1;22.48;29.12
17/6/2023 1:47:31;22.48;29.12
17/6/2023 1:48:2;22.48;29.12
17/6/2023 1:48:33;22.48;29.06
17/6/2023 1:49:3;22.48;29.12
17/6/2023 1:49:34;22.48;29.12
17/6/2023 1:50:5;22.48;29.06
17/6/2023 1:50:35;22.48;29.00
17/6/2023 1:51:6;21.99;29.00
17/6/2023 1:51:37;21.99;29.00
17/6/2023 1:52:7;22.48;29.00
17/6/2023 1:52:38;22.48;29.00
17/6/2023 1:53:9;22.48;28.94
17/6/2023 1:53:40;21.99;28.94
17/6/2023 1:54:11;21.99;29.00
17/6/2023 1:54:41;22.48;29.06
17/6/2023 1:55:12;22.48;29.06
17/6/2023 1:55:43;22.48;29.12
17/6/2023 1:56:13;22.48;29.12
17/6/2023 1:56:44;22.48;29.19
17/6/2023 1:57:15;22.48;29.12
17/6/2023 1:57:45;22.48;29.19
17/6/2023 1:58:16;21.99;29.25
17/6/2023 1:58:47;22.48;29.12
17/6/2023 1:59:17;22.48;29.12
17/6/2023 1:59:48;22.48;29.12
17/6/2023 2:0:18;22.48;29.12
17/6/2023 2:0:49;22.48;29.19
17/6/2023 2:1:20;22.48;29.12
17/6/2023 2:1:50;22.48;29.12
17/6/2023 2:2:21;21.99;29.19
17/6/2023 2:2:52;22.48;29.12
17/6/2023 2:3:22;22.48;29.12
17/6/2023 2:3:53;22.48;29.06
17/6/2023 2:4:24;22.48;29.06
17/6/2023 2:4:54;22.48;29.06
17/6/2023 2:5:25;21.99;28.94
17/6/2023 2:5:56;21.99;29.06
17/6/2023 2:6:26;21.99;29.00
17/6/2023 2:6:57;21.99;29.00
17/6/2023 2:7:28;21.99;29.00
17/6/2023 2:7:58;21.99;29.00
17/6/2023 2:8:29;22.48;29.00
17/6/2023 2:9:0;22.48;29.00
17/6/2023 2:9:30;22.48;28.94
17/6/2023 2:10:1;21.99;29.00
17/6/2023 2:10:32;21.99;29.06
17/6/2023 2:11:2;21.99;29.06
17/6/2023 2:11:33;21.99;29.12
17/6/2023 2:12:4;22.48;29.12
17/6/2023 2:12:34;22.48;29.12
17/6/2023 2:13:5;22.48;29.19
17/6/2023 2:13:36;22.48;29.25
17/6/2023 2:14:6;22.48;29.19
17/6/2023 2:14:37;22.48;29.19
17/6/2023 2:15:7;22.48;29.19
17/6/2023 2:15:38;21.99;29.19
17/6/2023 2:16:9;21.99;29.25
17/6/2023 2:16:39;22.48;29.19
17/6/2023 2:17:10;22.48;29.12
17/6/2023 2:17:41;22.48;29.12
17/6/2023 2:18:11;21.99;29.12
17/6/2023 2:18:42;22.48;29.12
17/6/2023 2:19:13;22.48;29.12
17/6/2023 2:19:43;22.48;29.06
17/6/2023 2:20:14;22.48;29.12
17/6/2023 2:20:45;22.48;29.06
17/6/2023 2:21:15;22.48;29.00
17/6/2023 2:21:46;21.99;28.94
17/6/2023 2:22:17;21.99;29.00
17/6/2023 2:22:47;21.99;29.00
17/6/2023 2:23:18;21.99;29.00
17/6/2023 2:23:49;21.99;28.94
17/6/2023 2:24:19;22.48;29.00
17/6/2023 2:24:50;22.48;28.94
17/6/2023 2:25:21;22.48;28.94
17/6/2023 2:25:51;21.99;29.00
17/6/2023 2:26:22;21.99;29.06
17/6/2023 2:26:53;22.48;29.06
17/6/2023 2:27:23;21.99;29.12
17/6/2023 2:27:54;21.99;29.12
17/6/2023 2:28:25;22.48;29.06
17/6/2023 2:28:55;21.99;29.19
17/6/2023 2:29:26;21.99;29.12
17/6/2023 2:29:56;21.99;29.12
17/6/2023 2:30:27;21.99;29.12
17/6/2023 2:30:58;21.99;29.06
17/6/2023 2:31:28;21.99;29.12
17/6/2023 2:31:59;21.99;29.06
17/6/2023 2:32:30;21.99;29.12
17/6/2023 2:33:0;21.99;29.12
17/6/2023 2:33:31;21.99;29.12
17/6/2023 2:34:2;21.99;29.12
17/6/2023 2:34:32;21.99;29.12
17/6/2023 2:35:3;21.99;29.06
17/6/2023 2:35:34;21.99;29.06
17/6/2023 2:36:4;21.99;29.00
17/6/2023 2:36:35;22.48;29.00
17/6/2023 2:37:6;22.48;29.06
17/6/2023 2:37:36;22.48;29.00
17/6/2023 2:38:7;22.48;29.00
17/6/2023 2:38:38;21.99;28.94
17/6/2023 2:39:8;21.99;28.94
17/6/2023 2:39:39;21.99;28.94
17/6/2023 2:40:10;21.99;28.94
17/6/2023 2:40:40;21.99;28.94
17/6/2023 2:41:11;21.99;28.94
17/6/2023 2:41:42;21.99;29.00
17/6/2023 2:42:12;21.51;29.06
17/6/2023 2:42:43;21.99;29.06
17/6/2023 2:43:14;21.99;29.06
17/6/2023 2:43:44;21.99;29.12
17/6/2023 2:44:15;21.99;29.19
17/6/2023 2:44:45;21.99;29.19
17/6/2023 2:45:16;21.99;29.12
17/6/2023 2:45:47;21.99;29.12
17/6/2023 2:46:17;21.99;29.12
17/6/2023 2:46:48;21.99;29.12
17/6/2023 2:47:19;21.99;29.12
17/6/2023 2:47:49;21.99;29.19
17/6/2023 2:48:20;21.99;29.12
17/6/2023 2:48:51;21.99;29.12
17/6/2023 2:49:21;21.99;29.06
17/6/2023 2:49:52;21.99;29.06
17/6/2023 2:50:23;21.99;29.00
17/6/2023 2:50:53;21.99;29.00
17/6/2023 2:51:24;21.99;29.00
17/6/2023 2:51:55;21.99;29.00
17/6/2023 2:52:25;21.99;29.00
17/6/2023 2:52:56;21.99;29.00
17/6/2023 2:53:27;21.99;28.94
17/6/2023 2:53:57;21.99;28.94
17/6/2023 2:54:28;21.51;28.94
17/6/2023 2:54:59;21.99;28.94
17/6/2023 2:55:29;21.99;28.94
17/6/2023 2:56:0;21.99;28.87
17/6/2023 2:56:31;21.99;28.94
17/6/2023 2:57:1;21.99;29.00
17/6/2023 2:57:32;21.99;28.94
17/6/2023 2:58:3;21.99;29.00
17/6/2023 2:58:33;21.99;29.06
17/6/2023 2:59:4;21.99;29.06
17/6/2023 2:59:34;21.99;29.06
17/6/2023 3:0:5;21.99;29.12
17/6/2023 3:0:36;21.99;29.06
17/6/2023 3:1:7;21.99;29.06
17/6/2023 3:1:38;21.99;29.00
17/6/2023 3:2:8;21.99;29.00
17/6/2023 3:2:39;22.48;29.00
17/6/2023 3:3:10;21.99;29.06
17/6/2023 3:3:40;21.99;29.06
17/6/2023 3:4:11;21.99;29.06
17/6/2023 3:4:42;21.99;29.06
17/6/2023 3:5:12;21.99;29.06
17/6/2023 3:5:43;21.99;29.00
17/6/2023 3:6:14;21.99;29.00
17/6/2023 3:6:44;21.99;29.00
17/6/2023 3:7:15;21.99;28.94
17/6/2023 3:7:46;21.99;28.94
17/6/2023 3:8:16;21.99;28.94
17/6/2023 3:8:47;21.99;28.94
17/6/2023 3:9:18;21.99;28.94
17/6/2023 3:9:48;21.99;28.87
17/6/2023 3:10:19;21.99;28.94
17/6/2023 3:10:50;21.99;28.94
17/6/2023 3:11:20;21.99;28.94
17/6/2023 3:11:51;21.99;28.87
17/6/2023 3:12:21;21.99;28.94
17/6/2023 3:12:52;21.99;28.94
17/6/2023 3:13:23;22.48;28.94
17/6/2023 3:13:53;21.99;29.00
17/6/2023 3:14:24;21.99;29.00
17/6/2023 3:14:55;21.99;29.06
17/6/2023 3:15:25;21.99;29.06
17/6/2023 3:15:56;21.99;29.06
17/6/2023 3:16:27;21.99;29.06
17/6/2023 3:16:57;21.99;29.06
17/6/2023 3:17:28;21.99;29.06
17/6/2023 3:17:59;21.99;29.06
17/6/2023 3:18:29;21.99;29.06
17/6/2023 3:19:0;21.99;29.06
17/6/2023 3:19:31;21.99;29.06
17/6/2023 3:20:1;21.99;29.06
17/6/2023 3:20:32;21.99;29.06
17/6/2023 3:21:3;21.99;29.00
17/6/2023 3:21:33;21.99;29.00
17/6/2023 3:22:4;21.99;29.00
17/6/2023 3:22:35;21.99;29.06
17/6/2023 3:23:5;21.99;29.00
17/6/2023 3:23:36;21.99;28.94
17/6/2023 3:24:7;21.99;29.00
17/6/2023 3:24:37;21.99;29.00
17/6/2023 3:25:8;21.99;29.00
17/6/2023 3:25:39;21.99;28.87
17/6/2023 3:26:9;21.99;28.94
17/6/2023 3:26:40;21.99;28.94
17/6/2023 3:27:10;21.99;28.87
17/6/2023 3:27:41;21.99;28.87
17/6/2023 3:28:12;21.99;28.94
17/6/2023 3:28:42;21.99;29.00
17/6/2023 3:29:13;21.99;29.06
17/6/2023 3:29:44;21.99;29.12
17/6/2023 3:30:14;21.99;29.06
17/6/2023 3:30:45;21.99;29.12
17/6/2023 3:31:16;21.99;29.12
17/6/2023 3:31:46;21.99;29.12
17/6/2023 3:32:17;21.99;29.12
17/6/2023 3:32:48;21.99;29.06
17/6/2023 3:33:18;21.99;29.06
17/6/2023 3:33:49;21.99;29.12
17/6/2023 3:34:20;21.99;29.12
17/6/2023 3:34:50;21.99;29.00
17/6/2023 3:35:21;21.99;29.06
17/6/2023 3:35:52;21.99;29.00
17/6/2023 3:36:22;21.99;29.00
17/6/2023 3:36:53;21.99;29.00
17/6/2023 3:37:24;21.99;29.00
17/6/2023 3:37:54;21.99;28.94
17/6/2023 3:38:25;21.99;28.94
17/6/2023 3:38:56;21.99;28.94
17/6/2023 3:39:26;21.99;28.94
17/6/2023 3:39:57;21.99;28.94
17/6/2023 3:40:28;21.99;28.94
17/6/2023 3:40:58;21.99;28.87
17/6/2023 3:41:29;21.99;28.87
17/6/2023 3:41:59;21.99;28.87
17/6/2023 3:42:30;21.99;28.87
17/6/2023 3:43:1;21.99;28.87
17/6/2023 3:43:31;21.99;28.87
17/6/2023 3:44:2;21.99;28.94
17/6/2023 3:44:33;21.99;29.00
17/6/2023 3:45:3;21.99;29.00
17/6/2023 3:45:34;21.99;29.06
17/6/2023 3:46:5;21.99;29.06
17/6/2023 3:46:35;21.99;29.06
17/6/2023 3:47:6;21.99;29.06
17/6/2023 3:47:37;21.99;29.06
17/6/2023 3:48:7;21.99;29.00
17/6/2023 3:48:38;21.99;29.00
17/6/2023 3:49:9;21.99;29.00
17/6/2023 3:49:39;21.99;29.00
17/6/2023 3:50:10;21.99;29.00
17/6/2023 3:50:41;21.99;29.00
17/6/2023 3:51:11;21.51;28.94
17/6/2023 3:51:42;21.99;29.00
17/6/2023 3:52:13;21.99;28.94
17/6/2023 3:52:43;21.99;28.94
17/6/2023 3:53:14;21.99;29.00
17/6/2023 3:53:45;21.99;29.00
17/6/2023 3:54:15;21.99;29.00
17/6/2023 3:54:46;21.99;28.94
17/6/2023 3:55:17;22.48;28.94
17/6/2023 3:55:47;21.99;28.94
17/6/2023 3:56:18;21.99;28.94
17/6/2023 3:56:48;21.99;28.87
17/6/2023 3:57:19;21.99;28.87
17/6/2023 3:57:50;21.99;28.87
17/6/2023 3:58:20;21.99;28.94
17/6/2023 3:58:51;21.99;28.94
17/6/2023 3:59:22;21.99;28.87
17/6/2023 3:59:52;21.99;29.06
17/6/2023 4:0:23;21.99;29.00
17/6/2023 4:0:54;21.99;29.00
17/6/2023 4:1:24;21.99;29.06
17/6/2023 4:1:55;21.99;29.06
17/6/2023 4:2:26;21.99;29.12
17/6/2023 4:2:56;21.99;29.06
17/6/2023 4:3:27;21.99;29.06
17/6/2023 4:3:58;21.99;29.00
17/6/2023 4:4:28;21.99;29.06
17/6/2023 4:4:59;21.99;29.00
17/6/2023 4:5:30;21.99;29.00
17/6/2023 4:6:0;21.99;29.00
17/6/2023 4:6:31;21.99;29.00
17/6/2023 4:7:2;21.99;29.00
17/6/2023 4:7:32;21.99;29.00
17/6/2023 4:8:3;21.99;28.94
17/6/2023 4:8:34;21.99;29.00
17/6/2023 4:9:4;21.99;29.00
17/6/2023 4:9:35;21.99;29.00
17/6/2023 4:10:6;21.99;29.00
17/6/2023 4:10:37;21.99;28.87
17/6/2023 4:11:7;21.99;28.94
17/6/2023 4:11:38;21.99;28.87
17/6/2023 4:12:9;21.99;28.87
17/6/2023 4:12:39;21.99;28.87
17/6/2023 4:13:10;21.99;28.87
17/6/2023 4:13:41;21.99;28.87
17/6/2023 4:14:11;21.99;28.81
17/6/2023 4:14:42;21.99;28.87
17/6/2023 4:15:13;21.99;28.94
17/6/2023 4:15:43;21.51;28.94
17/6/2023 4:16:14;21.51;28.94
17/6/2023 4:16:45;21.99;29.00
17/6/2023 4:17:15;21.99;29.06
17/6/2023 4:17:46;21.99;29.06
17/6/2023 4:18:17;21.99;29.00
17/6/2023 4:18:47;21.99;29.00
17/6/2023 4:19:18;21.99;29.00
17/6/2023 4:19:49;21.99;29.00
17/6/2023 4:20:19;21.99;29.00
17/6/2023 4:20:50;21.99;29.00
17/6/2023 4:21:21;21.99;28.94
17/6/2023 4:21:51;21.99;29.00
17/6/2023 4:22:22;21.99;29.00
17/6/2023 4:22:52;21.99;29.00
17/6/2023 4:23:23;21.99;28.94
17/6/2023 4:23:54;21.99;28.94
17/6/2023 4:24:24;21.99;28.94
17/6/2023 4:24:55;21.99;28.94
17/6/2023 4:25:26;21.99;28.94
17/6/2023 4:25:56;21.99;28.87
17/6/2023 4:26:27;21.99;28.87
17/6/2023 4:26:58;21.99;28.87
17/6/2023 4:27:28;21.99;28.81
17/6/2023 4:27:59;21.99;28.81
17/6/2023 4:28:30;21.99;28.87
17/6/2023 4:29:0;21.99;28.81
17/6/2023 4:29:31;21.99;28.81
17/6/2023 4:30:2;21.99;28.87
17/6/2023 4:30:32;21.99;28.94
17/6/2023 4:31:3;21.99;28.87
17/6/2023 4:31:34;21.99;28.94
17/6/2023 4:32:4;21.99;29.00
17/6/2023 4:32:35;21.99;29.00
17/6/2023 4:33:6;21.99;29.06
17/6/2023 4:33:36;21.51;29.06
17/6/2023 4:34:7;21.99;29.12
17/6/2023 4:34:38;21.99;29.06
17/6/2023 4:35:8;21.99;29.06
17/6/2023 4:35:39;21.99;29.06
17/6/2023 4:36:10;21.99;29.06
17/6/2023 4:36:40;21.99;29.06
17/6/2023 4:37:11;21.99;29.06
17/6/2023 4:37:41;21.99;29.06
17/6/2023 4:38:12;21.99;29.00
17/6/2023 4:38:43;21.99;29.00
17/6/2023 4:39:13;21.99;29.00
17/6/2023 4:39:44;21.99;29.00
17/6/2023 4:40:15;21.99;29.00
17/6/2023 4:40:45;21.51;29.00
17/6/2023 4:41:16;21.99;29.00
17/6/2023 4:41:47;21.99;29.00
17/6/2023 4:42:17;21.99;29.00
17/6/2023 4:42:48;21.99;28.94
17/6/2023 4:43:19;21.99;28.94
17/6/2023 4:43:49;21.99;28.94
17/6/2023 4:44:20;21.99;28.87
17/6/2023 4:44:51;21.99;28.87
17/6/2023 4:45:21;21.99;28.81
17/6/2023 4:45:52;21.99;28.87
17/6/2023 4:46:23;21.99;28.81
17/6/2023 4:46:53;21.99;28.94
17/6/2023 4:47:24;21.99;28.94
17/6/2023 4:47:55;21.99;28.94
17/6/2023 4:48:25;21.99;28.94
17/6/2023 4:48:56;21.99;29.00
17/6/2023 4:49:27;21.99;29.06
17/6/2023 4:49:57;21.99;29.06
17/6/2023 4:50:28;21.99;29.06
17/6/2023 4:50:58;21.99;29.06
17/6/2023 4:51:29;21.99;29.00
17/6/2023 4:52:0;21.99;29.00
17/6/2023 4:52:30;21.99;29.00
17/6/2023 4:53:1;21.99;29.06
17/6/2023 4:53:32;21.99;29.06
17/6/2023 4:54:2;21.99;29.00
17/6/2023 4:54:33;21.99;29.00
17/6/2023 4:55:4;21.99;29.00
17/6/2023 4:55:34;21.99;29.00
17/6/2023 4:56:5;21.99;28.87
17/6/2023 4:56:36;21.99;28.87
17/6/2023 4:57:6;21.99;28.87
17/6/2023 4:57:37;21.99;28.94
17/6/2023 4:58:8;21.99;29.00
17/6/2023 4:58:38;21.99;28.87
17/6/2023 4:59:9;21.99;28.81
17/6/2023 4:59:40;21.99;28.75
17/6/2023 5:0:10;21.99;28.81
17/6/2023 5:0:41;21.99;28.81
17/6/2023 5:1:12;21.99;28.81
17/6/2023 5:1:42;21.99;28.81
17/6/2023 5:2:13;21.99;28.81
17/6/2023 5:2:44;21.99;28.87
17/6/2023 5:3:14;21.99;28.87
17/6/2023 5:3:45;21.99;28.94
17/6/2023 5:4:16;21.51;28.87
17/6/2023 5:4:46;21.51;28.94
17/6/2023 5:5:17;21.99;29.00
17/6/2023 5:5:47;21.99;29.00
17/6/2023 5:6:18;21.99;29.00
17/6/2023 5:6:49;21.99;29.00
17/6/2023 5:7:19;21.99;28.94
17/6/2023 5:7:50;21.99;28.94
17/6/2023 5:8:21;21.99;28.94
17/6/2023 5:8:51;21.99;28.94
17/6/2023 5:9:22;21.99;29.00
17/6/2023 5:9:53;21.99;28.94
17/6/2023 5:10:23;21.99;29.00
17/6/2023 5:10:54;21.99;28.94
17/6/2023 5:11:25;21.99;28.94
17/6/2023 5:11:55;21.51;28.94
17/6/2023 5:12:26;21.99;28.94
17/6/2023 5:12:57;21.99;28.87
17/6/2023 5:13:27;21.99;28.87
17/6/2023 5:13:58;21.99;28.81
17/6/2023 5:14:29;21.99;28.81
17/6/2023 5:14:59;21.99;28.81
17/6/2023 5:15:30;21.99;28.81
17/6/2023 5:16:1;21.99;28.81
17/6/2023 5:16:31;21.99;28.81
17/6/2023 5:17:2;21.51;28.75
17/6/2023 5:17:33;21.99;28.75
17/6/2023 5:18:4;21.99;28.81
17/6/2023 5:18:34;21.51;28.81
17/6/2023 5:19:5;21.99;28.87
17/6/2023 5:19:36;21.51;28.87
17/6/2023 5:20:6;21.51;28.94
17/6/2023 5:20:37;21.99;29.00
17/6/2023 5:21:8;21.99;29.00
17/6/2023 5:21:38;21.51;28.94
17/6/2023 5:22:9;21.51;29.00
17/6/2023 5:22:40;21.51;28.94
17/6/2023 5:23:10;21.51;28.94
17/6/2023 5:23:41;21.51;28.94
17/6/2023 5:24:12;21.51;28.94
17/6/2023 5:24:42;21.99;28.87
17/6/2023 5:25:13;21.99;28.94
17/6/2023 5:25:44;21.51;28.94
17/6/2023 5:26:14;21.99;28.94
17/6/2023 5:26:45;21.99;28.87
17/6/2023 5:27:16;21.99;28.87
17/6/2023 5:27:46;21.99;28.94
17/6/2023 5:28:17;21.99;28.87
17/6/2023 5:28:48;21.99;28.94
17/6/2023 5:29:18;21.99;28.87
17/6/2023 5:29:49;21.99;28.81
17/6/2023 5:30:20;21.99;28.81
17/6/2023 5:30:50;21.99;28.81
17/6/2023 5:31:21;21.99;28.81
17/6/2023 5:31:52;21.99;28.75
17/6/2023 5:32:22;21.99;28.75
17/6/2023 5:32:53;21.99;28.75
17/6/2023 5:33:23;21.51;28.75
17/6/2023 5:33:54;21.51;28.81
17/6/2023 5:34:25;21.99;28.81
17/6/2023 5:34:55;21.99;28.94
17/6/2023 5:35:26;21.99;28.94
17/6/2023 5:35:57;21.51;28.87
17/6/2023 5:36:27;21.51;28.94
17/6/2023 5:36:58;21.51;29.00
17/6/2023 5:37:29;21.99;28.94
17/6/2023 5:37:59;21.99;29.00
17/6/2023 5:38:30;21.99;28.87
17/6/2023 5:39:1;21.99;28.94
17/6/2023 5:39:31;21.99;28.87
17/6/2023 5:40:2;21.99;28.94
17/6/2023 5:40:33;21.99;28.94
17/6/2023 5:41:3;21.99;28.87
17/6/2023 5:41:34;21.99;28.94
17/6/2023 5:42:5;21.99;28.87
17/6/2023 5:42:35;21.99;28.94
17/6/2023 5:43:6;21.51;28.87
17/6/2023 5:43:37;21.99;28.81
17/6/2023 5:44:7;21.99;28.81
17/6/2023 5:44:38;21.99;28.87
17/6/2023 5:45:9;21.99;28.81
17/6/2023 5:45:39;21.51;28.81
17/6/2023 5:46:10;21.51;28.75
17/6/2023 5:46:40;21.51;28.75
17/6/2023 5:47:11;21.51;28.69
17/6/2023 5:47:42;21.51;28.75
17/6/2023 5:48:12;21.51;28.75
17/6/2023 5:48:43;21.51;28.75
17/6/2023 5:49:14;21.51;28.75
17/6/2023 5:49:44;21.51;28.81
17/6/2023 5:50:15;21.51;28.81
17/6/2023 5:50:46;21.51;28.81
17/6/2023 5:51:16;21.99;28.94
17/6/2023 5:51:47;21.51;28.94
17/6/2023 5:52:18;21.99;28.87
17/6/2023 5:52:48;21.99;28.87
17/6/2023 5:53:19;21.51;28.87
17/6/2023 5:53:50;21.51;28.94
17/6/2023 5:54:20;21.51;28.94
17/6/2023 5:54:51;21.51;28.87
17/6/2023 5:55:22;21.51;28.94
17/6/2023 5:55:52;21.51;28.87
17/6/2023 5:56:23;21.99;28.87
17/6/2023 5:56:54;21.99;28.87
17/6/2023 5:57:24;21.51;28.87
17/6/2023 5:57:55;21.51;28.87
17/6/2023 5:58:26;21.99;28.94
17/6/2023 5:58:56;21.99;28.94
17/6/2023 5:59:27;21.51;28.87
17/6/2023 5:59:57;21.51;28.81
17/6/2023 6:0:28;21.99;28.81
17/6/2023 6:0:59;21.51;28.81
17/6/2023 6:1:29;21.51;28.81
17/6/2023 6:2:0;21.51;28.81
17/6/2023 6:2:31;21.51;28.81
17/6/2023 6:3:1;21.51;28.81
17/6/2023 6:3:32;21.51;28.81
17/6/2023 6:4:3;21.99;28.75
17/6/2023 6:4:33;21.51;28.75
17/6/2023 6:5:4;21.51;28.75
17/6/2023 6:5:35;21.51;28.81
17/6/2023 6:6:5;21.51;28.81
17/6/2023 6:6:36;21.51;28.81
17/6/2023 6:7:7;21.51;28.87
17/6/2023 6:7:37;21.99;28.87
17/6/2023 6:8:8;21.99;29.00
17/6/2023 6:8:39;21.51;28.94
17/6/2023 6:9:9;21.51;28.94
17/6/2023 6:9:40;21.51;29.00
17/6/2023 6:10:11;21.51;29.00
17/6/2023 6:10:41;21.51;29.00
17/6/2023 6:11:12;21.51;28.94
17/6/2023 6:11:43;21.51;28.94
17/6/2023 6:12:13;21.51;28.94
17/6/2023 6:12:44;21.51;28.94
17/6/2023 6:13:15;21.51;28.94
17/6/2023 6:13:45;21.51;28.87
17/6/2023 6:14:16;21.51;28.87
17/6/2023 6:14:46;21.51;28.81
17/6/2023 6:15:17;21.99;28.81
17/6/2023 6:15:48;21.51;28.81
17/6/2023 6:16:18;21.51;28.87
17/6/2023 6:16:49;21.51;28.81
17/6/2023 6:17:20;21.51;28.87
17/6/2023 6:17:50;21.51;28.87
17/6/2023 6:18:21;21.51;28.81
17/6/2023 6:18:52;21.99;28.81
17/6/2023 6:19:22;21.51;28.75
17/6/2023 6:19:53;21.51;28.81
17/6/2023 6:20:24;21.99;28.81
17/6/2023 6:20:54;21.99;28.75
17/6/2023 6:21:25;21.51;28.75
17/6/2023 6:21:56;21.99;28.75
17/6/2023 6:22:26;21.51;28.81
17/6/2023 6:22:57;21.51;28.87
17/6/2023 6:23:28;21.51;28.94
17/6/2023 6:23:58;21.51;28.94
17/6/2023 6:24:29;21.99;28.94
17/6/2023 6:25:0;21.51;28.94
17/6/2023 6:25:30;21.51;29.00
17/6/2023 6:26:2;21.51;28.87
17/6/2023 6:26:32;21.51;28.94
17/6/2023 6:27:3;21.99;29.00
17/6/2023 6:27:33;21.99;28.87
17/6/2023 6:28:4;21.99;28.87
17/6/2023 6:28:35;21.99;28.87
17/6/2023 6:29:5;21.99;28.81
17/6/2023 6:29:36;21.99;28.87
17/6/2023 6:30:7;21.99;28.87
17/6/2023 6:30:37;21.99;28.87
17/6/2023 6:31:8;21.99;28.81
17/6/2023 6:31:39;21.99;28.75
17/6/2023 6:32:9;21.99;28.62
17/6/2023 6:32:40;21.99;28.62
17/6/2023 6:33:11;21.99;28.75
17/6/2023 6:33:41;21.99;28.75
17/6/2023 6:34:12;21.99;28.75
17/6/2023 6:34:43;21.99;28.69
17/6/2023 6:35:13;21.99;28.69
17/6/2023 6:35:44;21.99;28.69
17/6/2023 6:36:15;21.99;28.62
17/6/2023 6:36:45;21.99;28.62
17/6/2023 6:37:16;21.99;28.62
17/6/2023 6:37:47;21.99;28.69
17/6/2023 6:38:17;21.99;28.75
17/6/2023 6:38:48;21.99;28.75
17/6/2023 6:39:19;21.99;28.75
17/6/2023 6:39:49;21.99;28.75
17/6/2023 6:40:20;21.99;28.81
17/6/2023 6:40:50;21.99;28.87
17/6/2023 6:41:21;21.99;28.81
17/6/2023 6:41:52;21.99;28.87
17/6/2023 6:42:22;21.99;28.81
17/6/2023 6:42:53;21.99;28.81
17/6/2023 6:43:24;21.99;28.75
17/6/2023 6:43:54;21.99;28.75
17/6/2023 6:44:25;21.99;28.81
17/6/2023 6:44:56;21.99;28.81
17/6/2023 6:45:26;21.99;28.75
17/6/2023 6:45:57;21.99;28.69
17/6/2023 6:46:28;21.99;28.69
17/6/2023 6:46:58;21.99;28.75
17/6/2023 6:47:29;21.99;28.69
17/6/2023 6:48:0;21.99;28.69
17/6/2023 6:48:30;21.99;28.69
17/6/2023 6:49:1;21.99;28.69
17/6/2023 6:49:32;21.99;28.62
17/6/2023 6:50:2;21.99;28.56
17/6/2023 6:50:33;21.51;28.62
17/6/2023 6:51:4;21.51;28.56
17/6/2023 6:51:34;21.51;28.56
17/6/2023 6:52:5;21.99;28.56
17/6/2023 6:52:36;21.51;28.56
17/6/2023 6:53:6;21.51;28.56
17/6/2023 6:53:37;21.51;28.69
17/6/2023 6:54:7;21.99;28.75
17/6/2023 6:54:38;21.51;28.75
17/6/2023 6:55:9;21.51;28.75
17/6/2023 6:55:39;21.51;28.75
17/6/2023 6:56:10;21.99;28.75
17/6/2023 6:56:41;21.99;28.75
17/6/2023 6:57:11;21.51;28.75
17/6/2023 6:57:42;21.51;28.75
17/6/2023 6:58:13;21.51;28.81
17/6/2023 6:58:43;21.51;28.81
17/6/2023 6:59:14;21.51;28.75
17/6/2023 6:59:45;21.51;28.69
17/6/2023 7:0:15;21.51;28.69
17/6/2023 7:0:46;21.51;28.69
17/6/2023 7:1:17;21.51;28.69
17/6/2023 7:1:47;21.51;28.69
17/6/2023 7:2:18;21.51;28.69
17/6/2023 7:2:49;21.51;28.69
17/6/2023 7:3:19;21.51;28.62
17/6/2023 7:3:50;21.51;28.56
17/6/2023 7:4:21;21.51;28.56
17/6/2023 7:4:51;21.51;28.50
17/6/2023 7:5:22;21.51;28.50
17/6/2023 7:5:53;21.51;28.56
17/6/2023 7:6:23;21.99;28.44
17/6/2023 7:6:54;21.99;28.44
17/6/2023 7:7:24;21.99;28.37
17/6/2023 7:7:55;21.51;28.50
17/6/2023 7:8:26;21.51;28.44
17/6/2023 7:8:56;21.51;28.56
17/6/2023 7:9:27;21.51;28.56
17/6/2023 7:9:58;21.51;28.56
17/6/2023 7:10:28;21.51;28.62
17/6/2023 7:10:59;21.51;28.56
17/6/2023 7:11:30;21.51;28.69
17/6/2023 7:12:0;21.51;28.69
17/6/2023 7:12:31;21.51;28.69
17/6/2023 7:13:2;21.51;28.62
17/6/2023 7:13:32;21.51;28.69
17/6/2023 7:14:3;21.51;28.56
17/6/2023 7:14:34;21.51;28.56
17/6/2023 7:15:5;21.99;28.62
17/6/2023 7:15:35;21.51;28.69
17/6/2023 7:16:6;21.51;28.62
17/6/2023 7:16:36;21.51;28.62
17/6/2023 7:17:7;21.51;28.56
17/6/2023 7:17:38;21.99;28.56
17/6/2023 7:18:8;21.51;28.56
17/6/2023 7:18:39;21.51;28.50
17/6/2023 7:19:10;21.51;28.56
17/6/2023 7:19:40;21.99;28.50
17/6/2023 7:20:11;21.51;28.50
17/6/2023 7:20:42;21.99;28.50
17/6/2023 7:21:12;21.99;28.50
17/6/2023 7:21:43;21.51;28.50
17/6/2023 7:22:14;21.51;28.50
17/6/2023 7:22:44;21.51;28.37
17/6/2023 7:23:15;21.51;28.37
17/6/2023 7:23:46;21.51;28.44
17/6/2023 7:24:16;21.51;28.44
17/6/2023 7:24:47;21.51;28.44
17/6/2023 7:25:18;21.51;28.50
17/6/2023 7:25:48;21.51;28.56
17/6/2023 7:26:19;21.99;28.56
17/6/2023 7:26:50;21.51;28.69
17/6/2023 7:27:20;21.51;28.62
17/6/2023 7:27:51;21.51;28.69
17/6/2023 7:28:22;21.99;28.62
17/6/2023 7:28:52;21.51;28.62
17/6/2023 7:29:23;21.99;28.69
17/6/2023 7:29:54;21.51;28.62
17/6/2023 7:30:24;21.51;28.56
17/6/2023 7:30:55;21.51;28.62
17/6/2023 7:31:25;21.99;28.56
17/6/2023 7:31:56;21.99;28.56
17/6/2023 7:32:27;21.51;28.50
17/6/2023 7:32:57;21.99;28.44
17/6/2023 7:33:28;21.51;28.56
17/6/2023 7:33:59;21.99;28.62
17/6/2023 7:34:30;21.51;28.62
17/6/2023 7:35:1;21.51;28.50
17/6/2023 7:35:31;21.51;28.56
17/6/2023 7:36:2;21.99;28.56
17/6/2023 7:36:33;21.99;28.56
17/6/2023 7:37:3;21.99;28.44
17/6/2023 7:37:34;21.99;28.50
17/6/2023 7:38:5;21.99;28.44
17/6/2023 7:38:35;21.99;28.44
17/6/2023 7:39:6;21.99;28.44
17/6/2023 7:39:37;21.99;28.44
17/6/2023 7:40:7;21.99;28.44
17/6/2023 7:40:38;21.51;28.44
17/6/2023 7:41:9;21.99;28.56
17/6/2023 7:41:39;21.99;28.50
17/6/2023 7:42:10;21.51;28.56
17/6/2023 7:42:40;21.99;28.50
17/6/2023 7:43:11;21.99;28.56
17/6/2023 7:43:42;21.99;28.56
17/6/2023 7:44:12;21.99;28.56
17/6/2023 7:44:43;21.99;28.69
17/6/2023 7:45:14;21.99;28.69
17/6/2023 7:45:44;21.99;28.62
17/6/2023 7:46:15;21.99;28.62
17/6/2023 7:46:46;21.99;28.62
17/6/2023 7:47:16;21.99;28.62
17/6/2023 7:47:47;21.51;28.62
17/6/2023 7:48:18;21.51;28.56
17/6/2023 7:48:48;21.51;28.62
17/6/2023 7:49:19;21.51;28.62
17/6/2023 7:49:50;21.51;28.62
17/6/2023 7:50:20;21.51;28.62
17/6/2023 7:50:51;21.99;28.50
17/6/2023 7:51:22;21.99;28.56
17/6/2023 7:51:52;21.99;28.50
17/6/2023 7:52:23;21.99;28.56
17/6/2023 7:52:54;21.99;28.50
17/6/2023 7:53:24;21.99;28.56
17/6/2023 7:53:55;21.51;28.56
17/6/2023 7:54:26;21.99;28.50
17/6/2023 7:54:56;21.99;28.50
17/6/2023 7:55:27;21.51;28.44
17/6/2023 7:55:57;21.99;28.50
17/6/2023 7:56:28;21.99;28.50
17/6/2023 7:56:59;21.99;28.44
17/6/2023 7:57:29;21.99;28.62
17/6/2023 7:58:0;21.99;28.69
17/6/2023 7:58:31;21.99;28.69
17/6/2023 7:59:1;21.99;28.69
17/6/2023 7:59:32;21.99;28.62
17/6/2023 8:0:3;21.99;28.69
17/6/2023 8:0:33;21.99;28.62
17/6/2023 8:1:4;21.99;28.62
17/6/2023 8:1:35;21.99;28.62
17/6/2023 8:2:5;21.99;28.62
17/6/2023 8:2:36;21.99;28.75
17/6/2023 8:3:7;21.99;28.75
17/6/2023 8:3:37;21.99;28.75
17/6/2023 8:4:8;21.99;28.75
17/6/2023 8:4:39;21.99;28.75
17/6/2023 8:5:9;21.99;28.75
17/6/2023 8:5:40;21.51;28.75
17/6/2023 8:6:11;21.99;28.69
17/6/2023 8:6:41;21.99;28.69
17/6/2023 8:7:12;21.99;28.69
17/6/2023 8:7:43;21.51;28.69
17/6/2023 8:8:13;21.99;28.69
17/6/2023 8:8:44;21.99;28.69
17/6/2023 8:9:15;21.99;28.69
17/6/2023 8:9:45;21.99;28.62
17/6/2023 8:10:16;21.99;28.62
17/6/2023 8:10:46;21.99;28.62
17/6/2023 8:11:17;21.99;28.69
17/6/2023 8:11:48;21.99;28.62
17/6/2023 8:12:18;21.51;28.69
17/6/2023 8:12:49;21.99;28.62
17/6/2023 8:13:20;21.99;28.62
17/6/2023 8:13:50;21.99;28.75
17/6/2023 8:14:21;21.99;28.69
17/6/2023 8:14:52;21.99;28.75
17/6/2023 8:15:22;21.99;28.69
17/6/2023 8:15:53;21.99;28.75
17/6/2023 8:16:24;21.99;28.69
17/6/2023 8:16:54;21.99;28.69
17/6/2023 8:17:25;21.99;28.87
17/6/2023 8:17:56;21.99;28.75
17/6/2023 8:18:26;21.99;28.69
17/6/2023 8:18:57;21.99;28.69
17/6/2023 8:19:28;21.51;28.75
17/6/2023 8:19:58;21.99;28.62
17/6/2023 8:20:29;21.99;28.75
17/6/2023 8:21:0;21.99;28.69
17/6/2023 8:21:30;21.99;28.75
17/6/2023 8:22:1;21.99;28.69
17/6/2023 8:22:32;21.99;28.75
17/6/2023 8:23:2;21.99;28.75
17/6/2023 8:23:33;21.99;28.69
17/6/2023 8:24:3;21.99;28.69
17/6/2023 8:24:34;21.99;28.62
17/6/2023 8:25:5;21.99;28.62
17/6/2023 8:25:35;21.99;28.69
17/6/2023 8:26:6;21.99;28.62
17/6/2023 8:26:37;21.51;28.69
17/6/2023 8:27:7;21.99;28.62
17/6/2023 8:27:38;21.99;28.62
17/6/2023 8:28:9;21.99;28.62
17/6/2023 8:28:39;21.99;28.62
17/6/2023 8:29:10;21.99;28.69
17/6/2023 8:29:41;21.99;28.69
17/6/2023 8:30:11;21.51;28.69
17/6/2023 8:30:42;21.51;28.75
17/6/2023 8:31:13;21.51;28.75
17/6/2023 8:31:43;21.99;28.75
17/6/2023 8:32:14;21.99;28.69
17/6/2023 8:32:45;21.99;28.75
17/6/2023 8:33:15;21.99;28.75
17/6/2023 8:33:46;21.99;28.81
17/6/2023 8:34:17;21.99;28.81
17/6/2023 8:34:47;21.99;28.94
17/6/2023 8:35:18;21.99;28.75
17/6/2023 8:35:49;21.99;28.75
17/6/2023 8:36:19;21.99;28.69
17/6/2023 8:36:50;21.99;28.81
17/6/2023 8:37:21;21.99;28.75
17/6/2023 8:37:51;21.99;28.81
17/6/2023 8:38:22;21.99;28.81
17/6/2023 8:38:52;21.99;28.75
17/6/2023 8:39:23;21.99;28.75
17/6/2023 8:39:54;22.48;28.69
17/6/2023 8:40:24;21.99;28.75
17/6/2023 8:40:55;21.99;28.69
17/6/2023 8:41:26;22.48;28.69
17/6/2023 8:41:56;21.99;28.69
17/6/2023 8:42:28;21.99;28.62
17/6/2023 8:42:58;21.99;28.69
17/6/2023 8:43:29;21.99;28.75
17/6/2023 8:44:0;21.99;28.69
17/6/2023 8:44:30;21.99;28.69
17/6/2023 8:45:1;21.99;28.69
17/6/2023 8:45:32;21.99;28.75
17/6/2023 8:46:2;21.51;28.75
17/6/2023 8:46:33;21.99;28.81
17/6/2023 8:47:4;21.51;28.81
17/6/2023 8:47:34;21.99;28.81
17/6/2023 8:48:5;21.99;28.87
17/6/2023 8:48:36;21.99;28.87
17/6/2023 8:49:6;21.99;29.00
17/6/2023 8:49:37;21.99;28.87
17/6/2023 8:50:8;21.51;28.81
17/6/2023 8:50:38;21.51;28.75
17/6/2023 8:51:9;21.99;28.81
17/6/2023 8:51:39;21.99;28.87
17/6/2023 8:52:10;21.51;28.81
17/6/2023 8:52:41;21.99;28.81
17/6/2023 8:53:11;21.51;28.81
17/6/2023 8:53:42;21.51;28.81
17/6/2023 8:54:13;21.51;28.81
17/6/2023 8:54:43;21.51;28.81
17/6/2023 8:55:14;21.51;28.75
17/6/2023 8:55:45;21.51;28.75
17/6/2023 8:56:15;21.51;28.81
17/6/2023 8:56:46;21.51;28.75
17/6/2023 8:57:17;21.51;28.75
17/6/2023 8:57:47;21.51;28.69
17/6/2023 8:58:18;21.51;28.75
17/6/2023 8:58:49;21.51;28.69
17/6/2023 8:59:19;21.51;28.69
17/6/2023 8:59:50;21.51;28.69
17/6/2023 9:0:21;21.51;28.75
17/6/2023 9:0:51;21.51;28.81
17/6/2023 9:1:22;21.51;28.81
17/6/2023 9:1:53;21.51;28.87
17/6/2023 9:2:23;21.51;28.94
17/6/2023 9:2:54;21.51;28.94
17/6/2023 9:3:25;21.99;28.81
17/6/2023 9:3:55;21.99;28.94
17/6/2023 9:4:26;21.51;28.87
17/6/2023 9:4:56;21.99;28.81
17/6/2023 9:5:27;21.99;28.81
17/6/2023 9:5:58;21.99;28.81
17/6/2023 9:6:28;21.51;28.81
17/6/2023 9:6:59;21.51;28.87
17/6/2023 9:7:30;21.51;28.87
17/6/2023 9:8:0;21.51;28.87
17/6/2023 9:8:31;21.51;28.81
17/6/2023 9:9:2;21.51;28.81
17/6/2023 9:9:32;21.51;28.81
17/6/2023 9:10:3;21.51;28.81
17/6/2023 9:10:34;21.51;28.81
17/6/2023 9:11:4;21.51;28.81
17/6/2023 9:11:35;21.51;28.75
17/6/2023 9:12:6;21.99;28.75
17/6/2023 9:12:36;21.99;28.69
17/6/2023 9:13:7;21.99;28.75
17/6/2023 9:13:38;21.51;28.69
17/6/2023 9:14:8;21.51;28.75
17/6/2023 9:14:39;21.99;28.75
17/6/2023 9:15:10;21.99;28.75
17/6/2023 9:15:40;21.99;28.75
17/6/2023 9:16:11;21.99;28.81
17/6/2023 9:16:42;21.99;28.81
17/6/2023 9:17:12;21.99;28.81
17/6/2023 9:17:43;21.99;28.94
17/6/2023 9:18:13;21.99;28.94
17/6/2023 9:18:44;21.99;29.00
17/6/2023 9:19:15;21.99;29.00
17/6/2023 9:19:45;21.99;29.00
17/6/2023 9:20:16;21.99;28.94
17/6/2023 9:20:47;21.99;28.87
17/6/2023 9:21:17;21.99;28.94
17/6/2023 9:21:48;21.99;28.94
17/6/2023 9:22:19;21.99;28.87
17/6/2023 9:22:49;21.99;28.87
17/6/2023 9:23:20;21.99;28.87
17/6/2023 9:23:51;21.99;28.87
17/6/2023 9:24:21;21.99;28.87
17/6/2023 9:24:52;21.99;28.94
17/6/2023 9:25:23;21.99;28.87
17/6/2023 9:25:53;21.99;28.87
17/6/2023 9:26:24;21.99;28.87
17/6/2023 9:26:55;21.99;28.87
17/6/2023 9:27:25;21.99;28.81
17/6/2023 9:27:56;21.99;28.81
17/6/2023 9:28:27;21.99;28.81
17/6/2023 9:28:57;21.99;28.81
17/6/2023 9:29:28;21.99;28.75
17/6/2023 9:29:59;21.99;28.81
17/6/2023 9:30:29;21.99;28.81
17/6/2023 9:31:0;21.99;28.81
17/6/2023 9:31:31;21.99;28.75
17/6/2023 9:32:1;21.99;28.81
17/6/2023 9:32:32;21.99;28.94
17/6/2023 9:33:2;21.99;28.94
17/6/2023 9:33:33;21.99;28.94
17/6/2023 9:34:4;21.99;29.00
17/6/2023 9:34:34;21.99;29.00
17/6/2023 9:35:5;21.99;28.94
17/6/2023 9:35:36;21.99;28.94
17/6/2023 9:36:6;21.99;28.87
17/6/2023 9:36:37;21.99;28.87
17/6/2023 9:37:8;21.99;28.87
17/6/2023 9:37:38;21.51;28.94
17/6/2023 9:38:9;21.99;28.87
17/6/2023 9:38:40;21.99;29.00
17/6/2023 9:39:10;21.99;28.94
17/6/2023 9:39:41;21.99;28.87
17/6/2023 9:40:12;21.99;28.87
17/6/2023 9:40:42;21.99;28.94
17/6/2023 9:41:13;21.99;28.81
17/6/2023 9:41:44;21.51;28.87
17/6/2023 9:42:14;21.51;28.81
17/6/2023 9:42:45;21.99;28.87
17/6/2023 9:43:16;21.51;28.87
17/6/2023 9:43:46;21.99;28.87
17/6/2023 9:44:17;21.51;28.81
17/6/2023 9:44:48;21.99;28.87
17/6/2023 9:45:18;21.99;28.87
17/6/2023 9:45:49;21.99;28.81
17/6/2023 9:46:20;21.51;28.81
17/6/2023 9:46:50;21.99;28.87
17/6/2023 9:47:21;21.99;28.87
17/6/2023 9:47:51;21.99;28.94
17/6/2023 9:48:22;21.99;29.00
17/6/2023 9:48:53;21.99;29.06
17/6/2023 9:49:23;21.99;29.00
17/6/2023 9:49:54;21.99;29.00
17/6/2023 9:50:25;21.99;29.00
17/6/2023 9:50:56;21.99;29.06
17/6/2023 9:51:27;21.99;29.00
17/6/2023 9:51:57;21.99;28.94
17/6/2023 9:52:28;21.99;28.94
17/6/2023 9:52:59;21.99;29.00
17/6/2023 9:53:29;21.99;29.00
17/6/2023 9:54:0;21.99;28.94
17/6/2023 9:54:31;21.99;29.00
17/6/2023 9:55:1;21.99;28.87
17/6/2023 9:55:32;21.99;29.00
17/6/2023 9:56:3;21.99;29.00
17/6/2023 9:56:33;21.99;28.94
17/6/2023 9:57:4;21.99;28.94
17/6/2023 9:57:35;21.99;28.87
17/6/2023 9:58:5;21.99;28.94
17/6/2023 9:58:36;21.99;28.94
17/6/2023 9:59:7;21.51;28.87
17/6/2023 9:59:37;21.99;28.87
17/6/2023 10:0:8;21.99;28.87
17/6/2023 10:0:38;21.99;28.87
17/6/2023 10:1:9;21.99;28.81
17/6/2023 10:1:40;21.99;28.87
17/6/2023 10:2:10;21.99;28.81
17/6/2023 10:2:41;21.99;28.87
17/6/2023 10:3:12;21.99;28.87
17/6/2023 10:3:42;21.99;28.94
17/6/2023 10:4:13;21.99;29.00
17/6/2023 10:4:44;21.99;29.06
17/6/2023 10:5:14;21.99;29.06
17/6/2023 10:5:45;21.99;29.06
17/6/2023 10:6:16;21.99;29.06
17/6/2023 10:6:46;22.48;29.00
17/6/2023 10:7:17;21.99;28.94
17/6/2023 10:7:48;21.99;28.94
17/6/2023 10:8:18;21.99;28.87
17/6/2023 10:8:49;21.99;28.94
17/6/2023 10:9:20;21.99;28.94
17/6/2023 10:9:50;22.48;29.00
17/6/2023 10:10:21;21.99;29.06
17/6/2023 10:10:52;22.48;29.00
17/6/2023 10:11:22;21.99;29.00
17/6/2023 10:11:53;21.99;28.94
17/6/2023 10:12:24;22.48;28.94
17/6/2023 10:12:54;21.99;28.94
17/6/2023 10:13:25;22.48;28.87
17/6/2023 10:13:56;22.48;28.94
17/6/2023 10:14:26;22.48;28.94
17/6/2023 10:14:57;22.48;28.94
17/6/2023 10:15:27;22.48;28.87
17/6/2023 10:15:58;22.48;28.94
17/6/2023 10:16:29;22.48;28.87
17/6/2023 10:16:59;22.48;28.87
17/6/2023 10:17:30;22.48;28.87
17/6/2023 10:18:1;22.48;28.87
17/6/2023 10:18:31;22.48;28.94
17/6/2023 10:19:2;22.48;28.94
17/6/2023 10:19:33;22.48;29.06
17/6/2023 10:20:3;22.48;29.00
17/6/2023 10:20:34;22.48;29.06
17/6/2023 10:21:5;22.48;29.06
17/6/2023 10:21:35;22.48;29.00
17/6/2023 10:22:6;22.48;29.06
17/6/2023 10:22:37;22.48;29.00
17/6/2023 10:23:7;22.48;29.00
17/6/2023 10:23:38;22.48;29.06
17/6/2023 10:24:9;22.48;29.00
17/6/2023 10:24:39;22.48;29.00
17/6/2023 10:25:10;22.48;29.00
17/6/2023 10:25:41;22.97;29.00
17/6/2023 10:26:11;22.97;29.00
17/6/2023 10:26:42;22.97;29.00
17/6/2023 10:27:13;22.48;29.00
17/6/2023 10:27:43;22.97;29.06
17/6/2023 10:28:14;22.97;28.94
17/6/2023 10:28:45;22.97;28.94
17/6/2023 10:29:15;22.97;28.94
17/6/2023 10:29:46;22.97;28.94
17/6/2023 10:30:16;22.97;29.00
17/6/2023 10:30:47;22.97;28.94
17/6/2023 10:31:18;22.97;28.94
17/6/2023 10:31:48;22.48;28.94
17/6/2023 10:32:19;22.48;28.94
17/6/2023 10:32:50;22.48;28.94
17/6/2023 10:33:20;22.48;28.94
17/6/2023 10:33:51;22.97;28.94
17/6/2023 10:34:22;22.48;29.00
17/6/2023 10:34:52;22.48;29.06
17/6/2023 10:35:23;22.48;29.12
17/6/2023 10:35:54;22.48;29.12
17/6/2023 10:36:24;22.48;29.19
17/6/2023 10:36:55;22.48;29.12
17/6/2023 10:37:26;22.48;29.06
17/6/2023 10:37:56;22.48;29.06
17/6/2023 10:38:27;22.48;29.06
17/6/2023 10:38:58;22.97;29.00
17/6/2023 10:39:28;22.97;29.00
17/6/2023 10:39:59;22.97;29.00
17/6/2023 10:40:30;22.97;29.00
17/6/2023 10:41:0;22.48;29.00
17/6/2023 10:41:31;22.48;29.06
17/6/2023 10:42:2;22.48;29.06
17/6/2023 10:42:32;22.48;29.00
17/6/2023 10:43:3;22.48;29.00
17/6/2023 10:43:34;22.48;29.00
17/6/2023 10:44:4;22.48;29.00
17/6/2023 10:44:35;22.48;29.00
17/6/2023 10:45:6;22.48;28.94
17/6/2023 10:45:36;22.48;28.94
17/6/2023 10:46:7;22.48;28.94
17/6/2023 10:46:37;22.48;28.94
17/6/2023 10:47:8;22.48;28.94
17/6/2023 10:47:39;22.48;28.94
17/6/2023 10:48:9;22.48;28.87
17/6/2023 10:48:40;22.48;28.94
17/6/2023 10:49:11;22.48;28.94
17/6/2023 10:49:41;22.48;29.06
17/6/2023 10:50:12;22.48;29.06
17/6/2023 10:50:43;22.97;29.12
17/6/2023 10:51:13;22.97;29.12
17/6/2023 10:51:44;22.97;29.12
17/6/2023 10:52:15;22.97;29.12
17/6/2023 10:52:45;22.97;29.12
17/6/2023 10:53:16;22.97;29.06
17/6/2023 10:53:47;22.97;29.00
17/6/2023 10:54:17;22.97;29.06
17/6/2023 10:54:48;22.97;29.00
17/6/2023 10:55:19;22.97;29.12
17/6/2023 10:55:49;22.97;29.06
17/6/2023 10:56:20;23.46;29.06
17/6/2023 10:56:51;22.97;29.00
17/6/2023 10:57:22;22.97;29.06
17/6/2023 10:57:53;22.97;29.06
17/6/2023 10:58:23;22.97;29.06
17/6/2023 10:58:54;22.97;29.06
17/6/2023 10:59:25;22.97;29.00
17/6/2023 10:59:55;23.46;29.06
17/6/2023 11:0:26;23.46;29.00
17/6/2023 11:0:57;23.46;29.00
17/6/2023 11:1:27;22.97;29.00
17/6/2023 11:1:58;22.97;28.94
17/6/2023 11:2:28;23.46;29.00
17/6/2023 11:2:59;23.46;28.94
17/6/2023 11:3:30;22.97;29.00
17/6/2023 11:4:0;23.46;29.00
17/6/2023 11:4:31;23.46;29.00
17/6/2023 11:5:2;23.46;29.00
17/6/2023 11:5:32;22.97;29.12
17/6/2023 11:6:3;23.46;29.12
17/6/2023 11:6:34;23.46;29.12
17/6/2023 11:7:4;23.46;29.12
17/6/2023 11:7:35;22.97;29.12
17/6/2023 11:8:6;22.97;29.12
17/6/2023 11:8:36;22.97;29.06
17/6/2023 11:9:7;22.97;29.06
17/6/2023 11:9:38;22.97;29.06
17/6/2023 11:10:8;22.97;29.06
17/6/2023 11:10:39;22.97;29.06
17/6/2023 11:11:10;23.46;29.06
17/6/2023 11:11:40;22.97;29.12
17/6/2023 11:12:11;22.97;29.12
17/6/2023 11:12:42;22.97;29.06
17/6/2023 11:13:12;22.97;29.12
17/6/2023 11:13:43;22.97;29.06
17/6/2023 11:14:14;22.97;29.06
17/6/2023 11:14:44;22.97;29.00
17/6/2023 11:15:15;22.97;29.00
17/6/2023 11:15:46;22.97;29.00
17/6/2023 11:16:16;22.97;29.00
17/6/2023 11:16:47;22.97;29.00
17/6/2023 11:17:18;22.97;29.00
17/6/2023 11:17:48;22.97;29.00
17/6/2023 11:18:19;22.97;29.00
17/6/2023 11:18:50;22.97;29.00
17/6/2023 11:19:20;23.46;29.00
17/6/2023 11:19:51;23.46;29.00
17/6/2023 11:20:21;23.46;29.00
17/6/2023 11:20:52;23.46;29.06
17/6/2023 11:21:23;23.46;29.12
17/6/2023 11:21:53;23.46;29.06
17/6/2023 11:22:24;23.46;29.12
17/6/2023 11:22:55;23.46;29.12
17/6/2023 11:23:25;23.46;29.12
17/6/2023 11:23:56;23.46;29.12
17/6/2023 11:24:27;23.46;29.00
17/6/2023 11:24:57;23.46;29.06
17/6/2023 11:25:28;23.46;29.06
17/6/2023 11:25:59;23.46;29.06
17/6/2023 11:26:29;23.46;29.12
17/6/2023 11:27:0;23.46;29.12
17/6/2023 11:27:31;23.46;29.12
17/6/2023 11:28:1;22.97;29.12
17/6/2023 11:28:32;22.97;29.06
17/6/2023 11:29:3;23.46;29.12
17/6/2023 11:29:33;23.46;29.06
17/6/2023 11:30:4;23.46;29.00
17/6/2023 11:30:35;23.46;29.06
17/6/2023 11:31:5;22.97;29.06
17/6/2023 11:31:36;23.46;29.06
17/6/2023 11:32:7;22.97;29.00
17/6/2023 11:32:37;23.46;29.06
17/6/2023 11:33:8;23.46;29.00
17/6/2023 11:33:39;23.46;29.06
17/6/2023 11:34:9;23.46;29.06
17/6/2023 11:34:40;23.46;29.06
17/6/2023 11:35:11;23.46;29.00
17/6/2023 11:35:41;23.46;29.00
17/6/2023 11:36:12;23.46;29.06
17/6/2023 11:36:43;23.46;29.12
17/6/2023 11:37:13;23.46;29.19
17/6/2023 11:37:44;23.46;29.25
17/6/2023 11:38:14;23.46;29.19
17/6/2023 11:38:45;23.46;29.12
17/6/2023 11:39:16;23.46;29.12
17/6/2023 11:39:46;23.46;29.06
17/6/2023 11:40:17;23.46;29.06
17/6/2023 11:40:48;23.95;29.06
17/6/2023 11:41:18;23.95;29.06
17/6/2023 11:41:49;23.46;29.12
17/6/2023 11:42:20;23.95;29.12
17/6/2023 11:42:50;23.95;29.19
17/6/2023 11:43:21;23.95;29.06
17/6/2023 11:43:52;23.95;29.06
17/6/2023 11:44:22;23.95;29.12
17/6/2023 11:44:53;23.95;29.06
17/6/2023 11:45:24;23.95;29.06
17/6/2023 11:45:54;23.95;29.12
17/6/2023 11:46:25;23.95;29.06
17/6/2023 11:46:56;23.95;29.12
17/6/2023 11:47:26;23.95;29.12
17/6/2023 11:47:57;23.95;29.12
17/6/2023 11:48:28;23.95;29.12
17/6/2023 11:48:58;23.95;29.12
17/6/2023 11:49:29;23.95;29.06
17/6/2023 11:50:0;23.95;29.12
17/6/2023 11:50:30;23.95;29.12
17/6/2023 11:51:1;24.44;29.06
17/6/2023 11:51:32;24.44;29.12
17/6/2023 11:52:2;23.95;29.19
17/6/2023 11:52:33;24.44;29.25
17/6/2023 11:53:4;24.44;29.25
17/6/2023 11:53:34;23.95;29.31
17/6/2023 11:54:5;23.95;29.31
17/6/2023 11:54:36;23.95;29.25
17/6/2023 11:55:6;23.95;29.19
17/6/2023 11:55:37;23.95;29.19
17/6/2023 11:56:8;23.95;29.12
17/6/2023 11:56:38;23.95;29.12
17/6/2023 11:57:9;23.95;29.19
17/6/2023 11:57:40;23.95;29.19
17/6/2023 11:58:10;23.95;29.12
17/6/2023 11:58:41;23.95;29.19
17/6/2023 11:59:11;23.95;29.19
17/6/2023 11:59:42;23.95;29.25
17/6/2023 12:0:13;23.95;29.19
17/6/2023 12:0:43;23.95;29.12
17/6/2023 12:1:14;23.95;29.19
17/6/2023 12:1:45;23.95;29.19
17/6/2023 12:2:15;23.95;29.19
17/6/2023 12:2:46;23.95;29.12
17/6/2023 12:3:17;23.95;29.19
17/6/2023 12:3:48;23.95;29.19
17/6/2023 12:4:19;23.95;29.12
17/6/2023 12:4:49;24.44;29.12
17/6/2023 12:5:20;24.44;29.19
17/6/2023 12:5:51;23.95;29.19
17/6/2023 12:6:21;24.44;29.12
17/6/2023 12:6:52;24.44;29.19
17/6/2023 12:7:23;24.44;29.25
17/6/2023 12:7:53;24.44;29.25
17/6/2023 12:8:24;24.44;29.31
17/6/2023 12:8:55;24.44;29.37
17/6/2023 12:9:25;24.44;29.37
17/6/2023 12:9:56;24.44;29.31
17/6/2023 12:10:27;24.44;29.25
17/6/2023 12:10:57;24.44;29.19
17/6/2023 12:11:28;24.44;29.19
17/6/2023 12:11:59;24.44;29.19
17/6/2023 12:12:29;24.93;29.19
17/6/2023 12:13:0;24.93;29.25
17/6/2023 12:13:31;24.93;29.19
17/6/2023 12:14:1;24.93;29.25
17/6/2023 12:14:32;24.93;29.19
17/6/2023 12:15:3;24.93;29.19
17/6/2023 12:15:33;24.93;29.25
17/6/2023 12:16:4;24.93;29.25
17/6/2023 12:16:35;24.93;29.25
17/6/2023 12:17:5;24.93;29.25
17/6/2023 12:17:36;24.93;29.19
17/6/2023 12:18:6;24.93;29.25
17/6/2023 12:18:37;24.93;29.25
17/6/2023 12:19:8;24.93;29.25
17/6/2023 12:19:38;24.44;29.25
17/6/2023 12:20:9;24.44;29.25
17/6/2023 12:20:40;24.44;29.19
17/6/2023 12:21:10;24.44;29.19
17/6/2023 12:21:41;24.44;29.19
17/6/2023 12:22:12;24.44;29.19
17/6/2023 12:22:42;24.44;29.31
17/6/2023 12:23:13;24.44;29.37
17/6/2023 12:23:44;24.44;29.37
17/6/2023 12:24:14;24.44;29.44
17/6/2023 12:24:45;24.44;29.37
17/6/2023 12:25:16;24.93;29.44
17/6/2023 12:25:46;24.93;29.44
17/6/2023 12:26:17;24.93;29.37
17/6/2023 12:26:48;24.93;29.31
17/6/2023 12:27:18;24.93;29.19
17/6/2023 12:27:49;24.93;29.25
17/6/2023 12:28:20;24.93;29.31
17/6/2023 12:28:50;24.44;29.31
17/6/2023 12:29:21;24.44;29.31
17/6/2023 12:29:52;24.44;29.25
17/6/2023 12:30:22;24.44;29.31
17/6/2023 12:30:53;24.44;29.31
17/6/2023 12:31:24;24.44;29.25
17/6/2023 12:31:54;24.44;29.25
17/6/2023 12:32:25;24.93;29.31
17/6/2023 12:32:56;24.93;29.25
17/6/2023 12:33:26;24.93;29.25
17/6/2023 12:33:57;24.44;29.25
17/6/2023 12:34:28;24.44;29.25
17/6/2023 12:34:58;24.44;29.25
17/6/2023 12:35:29;24.44;29.25
17/6/2023 12:36:0;24.44;29.25
17/6/2023 12:36:30;24.44;29.25
17/6/2023 12:37:1;24.44;29.25
17/6/2023 12:37:32;24.44;29.19
17/6/2023 12:38:2;24.44;29.25
17/6/2023 12:38:33;24.44;29.37
17/6/2023 12:39:4;24.44;29.31
17/6/2023 12:39:34;24.44;29.37
17/6/2023 12:40:5;24.44;29.37
17/6/2023 12:40:36;24.44;29.37
17/6/2023 12:41:6;24.44;29.44
17/6/2023 12:41:37;24.44;29.44
17/6/2023 12:42:8;24.44;29.31
17/6/2023 12:42:38;24.44;29.31
17/6/2023 12:43:9;24.44;29.31
17/6/2023 12:43:40;24.44;29.31
17/6/2023 12:44:10;24.44;29.31
17/6/2023 12:44:41;24.93;29.31
17/6/2023 12:45:12;24.93;29.31
17/6/2023 12:45:42;24.44;29.31
17/6/2023 12:46:13;24.44;29.31
17/6/2023 12:46:44;24.93;29.37
17/6/2023 12:47:14;24.44;29.37
17/6/2023 12:47:45;24.44;29.31
17/6/2023 12:48:15;24.44;29.25
17/6/2023 12:48:46;24.44;29.31
17/6/2023 12:49:17;24.44;29.31
17/6/2023 12:49:47;24.44;29.31
17/6/2023 12:50:18;24.44;29.31
17/6/2023 12:50:49;23.95;29.31
17/6/2023 12:51:19;24.44;29.25
17/6/2023 12:51:50;24.44;29.31
17/6/2023 12:52:21;24.44;29.25
17/6/2023 12:52:51;24.44;29.25
17/6/2023 12:53:22;24.44;29.25
17/6/2023 12:53:53;24.44;29.31
17/6/2023 12:54:23;24.44;29.31
17/6/2023 12:54:54;24.44;29.37
17/6/2023 12:55:25;23.95;29.37
17/6/2023 12:55:55;23.95;29.50
17/6/2023 12:56:26;24.44;29.44
17/6/2023 12:56:57;23.95;29.44
17/6/2023 12:57:27;23.95;29.44
17/6/2023 12:57:58;24.44;29.31
17/6/2023 12:58:29;24.44;29.31
17/6/2023 12:58:59;23.95;29.37
17/6/2023 12:59:30;24.44;29.31
17/6/2023 13:0:1;23.95;29.31
17/6/2023 13:0:31;23.95;29.31
17/6/2023 13:1:2;23.95;29.37
17/6/2023 13:1:33;23.95;29.31
17/6/2023 13:2:3;23.95;29.31
17/6/2023 13:2:34;24.44;29.31
17/6/2023 13:3:5;23.95;29.37
17/6/2023 13:3:35;24.44;29.31
17/6/2023 13:4:6;24.44;29.31
17/6/2023 13:4:37;24.44;29.31
17/6/2023 13:5:7;24.44;29.31
17/6/2023 13:5:38;24.44;29.31
17/6/2023 13:6:9;23.95;29.25
17/6/2023 13:6:39;23.95;29.31
17/6/2023 13:7:10;23.95;29.31
17/6/2023 13:7:41;23.95;29.31
17/6/2023 13:8:11;23.95;29.25
17/6/2023 13:8:42;23.95;29.31
17/6/2023 13:9:13;23.95;29.19
17/6/2023 13:9:44;23.95;29.31
17/6/2023 13:10:15;23.95;29.31
17/6/2023 13:10:45;23.95;29.37
17/6/2023 13:11:16;23.95;29.37
17/6/2023 13:11:46;23.95;29.44
17/6/2023 13:12:17;23.95;29.44
17/6/2023 13:12:48;23.95;29.44
17/6/2023 13:13:18;23.95;29.44
17/6/2023 13:13:49;23.95;29.50
17/6/2023 13:14:20;23.95;29.50
17/6/2023 13:14:50;23.95;29.37
17/6/2023 13:15:21;23.95;29.37
17/6/2023 13:15:52;23.95;29.44
17/6/2023 13:16:22;23.95;29.44
17/6/2023 13:16:53;23.95;29.37
17/6/2023 13:17:24;23.46;29.37
17/6/2023 13:17:54;23.95;29.37
17/6/2023 13:18:25;23.46;29.31
17/6/2023 13:18:56;23.46;29.31
17/6/2023 13:19:26;23.46;29.44
17/6/2023 13:19:57;23.46;29.37
17/6/2023 13:20:28;23.46;29.37
17/6/2023 13:20:58;23.46;29.37
17/6/2023 13:21:29;23.46;29.37
17/6/2023 13:22:0;23.46;29.37
17/6/2023 13:22:30;23.46;29.37
17/6/2023 13:23:1;23.46;29.37
17/6/2023 13:23:32;23.46;29.37
17/6/2023 13:24:2;23.46;29.37
17/6/2023 13:24:33;23.46;29.37
17/6/2023 13:25:4;23.46;29.31
17/6/2023 13:25:34;23.46;29.31
17/6/2023 13:26:5;23.46;29.31
17/6/2023 13:26:36;23.46;29.37
17/6/2023 13:27:6;23.46;29.37
17/6/2023 13:27:37;23.46;29.44
17/6/2023 13:28:8;23.46;29.44
17/6/2023 13:28:38;23.46;29.50
17/6/2023 13:29:9;23.46;29.50
17/6/2023 13:29:40;23.46;29.44
17/6/2023 13:30:10;23.95;29.44
17/6/2023 13:30:41;23.95;29.50
17/6/2023 13:31:12;23.46;29.50
17/6/2023 13:31:42;23.95;29.44
17/6/2023 13:32:13;23.46;29.37
17/6/2023 13:32:44;23.95;29.44
17/6/2023 13:33:14;23.95;29.37
17/6/2023 13:33:45;23.95;29.44
17/6/2023 13:34:16;23.95;29.44
17/6/2023 13:34:46;23.95;29.50
17/6/2023 13:35:17;23.95;29.50
17/6/2023 13:35:47;23.95;29.50
17/6/2023 13:36:18;23.95;29.50
17/6/2023 13:36:49;23.95;29.50
17/6/2023 13:37:19;23.95;29.44
17/6/2023 13:37:50;23.95;29.37
17/6/2023 13:38:21;23.95;29.37
17/6/2023 13:38:51;23.95;29.37
17/6/2023 13:39:22;23.95;29.37
17/6/2023 13:39:53;23.95;29.44
17/6/2023 13:40:23;23.95;29.44
17/6/2023 13:40:54;23.95;29.37
17/6/2023 13:41:25;23.95;29.37
17/6/2023 13:41:55;23.95;29.37
17/6/2023 13:42:26;23.95;29.44
17/6/2023 13:42:57;23.95;29.37
17/6/2023 13:43:27;23.95;29.37
17/6/2023 13:43:58;23.95;29.37
17/6/2023 13:44:29;23.95;29.44
17/6/2023 13:44:59;23.95;29.44
17/6/2023 13:45:30;23.95;29.56
17/6/2023 13:46:1;23.95;29.56
17/6/2023 13:46:31;23.95;29.56
17/6/2023 13:47:2;23.95;29.56
17/6/2023 13:47:33;23.95;29.50
17/6/2023 13:48:3;23.95;29.44
17/6/2023 13:48:34;23.95;29.44
17/6/2023 13:49:5;23.95;29.37
17/6/2023 13:49:35;23.95;29.44
17/6/2023 13:50:6;23.95;29.44
17/6/2023 13:50:37;23.95;29.50
17/6/2023 13:51:7;23.95;29.44
17/6/2023 13:51:38;24.44;29.50
17/6/2023 13:52:9;24.44;29.44
17/6/2023 13:52:39;24.44;29.44
17/6/2023 13:53:10;24.44;29.44
17/6/2023 13:53:41;24.44;29.37
17/6/2023 13:54:11;24.44;29.44
17/6/2023 13:54:42;24.44;29.44
17/6/2023 13:55:13;23.95;29.44
17/6/2023 13:55:43;24.44;29.50
17/6/2023 13:56:14;24.44;29.44
17/6/2023 13:56:45;23.95;29.37
17/6/2023 13:57:15;23.95;29.37
17/6/2023 13:57:46;23.95;29.37
17/6/2023 13:58:17;23.95;29.37
17/6/2023 13:58:47;23.95;29.37
17/6/2023 13:59:18;24.44;29.37
17/6/2023 13:59:49;23.95;29.37
17/6/2023 14:0:19;24.44;29.37
17/6/2023 14:0:50;24.44;29.44
17/6/2023 14:1:20;24.44;29.50
17/6/2023 14:1:51;24.44;29.50
17/6/2023 14:2:22;24.44;29.56
17/6/2023 14:2:52;24.44;29.56
17/6/2023 14:3:23;24.44;29.56
17/6/2023 14:3:54;24.44;29.50
17/6/2023 14:4:24;24.44;29.44
17/6/2023 14:4:55;24.44;29.44
17/6/2023 14:5:26;24.44;29.44
17/6/2023 14:5:56;24.44;29.44
17/6/2023 14:6:27;24.44;29.50
17/6/2023 14:6:58;24.93;29.50
17/6/2023 14:7:28;24.93;29.50
17/6/2023 14:7:59;24.93;29.50
17/6/2023 14:8:30;24.93;29.44
17/6/2023 14:9:0;24.93;29.44
17/6/2023 14:9:31;24.93;29.44
17/6/2023 14:10:2;24.93;29.44
17/6/2023 14:10:32;24.93;29.44
17/6/2023 14:11:3;24.93;29.50
17/6/2023 14:11:34;24.44;29.44
17/6/2023 14:12:4;24.93;29.50
17/6/2023 14:12:35;24.93;29.44
17/6/2023 14:13:6;24.93;29.44
17/6/2023 14:13:36;24.93;29.44
17/6/2023 14:14:7;24.93;29.44
17/6/2023 14:14:38;24.93;29.44
17/6/2023 14:15:8;24.93;29.44
17/6/2023 14:15:40;24.93;29.44
17/6/2023 14:16:10;24.93;29.44
17/6/2023 14:16:41;24.93;29.50
17/6/2023 14:17:12;24.93;29.44
17/6/2023 14:17:42;24.93;29.56
17/6/2023 14:18:13;24.93;29.56
17/6/2023 14:18:44;24.93;29.62
17/6/2023 14:19:14;24.93;29.56
17/6/2023 14:19:45;24.93;29.50
17/6/2023 14:20:16;24.93;29.44
17/6/2023 14:20:46;24.93;29.50
17/6/2023 14:21:17;24.93;29.44
17/6/2023 14:21:48;24.93;29.50
17/6/2023 14:22:18;24.93;29.50
17/6/2023 14:22:49;24.93;29.50
17/6/2023 14:23:19;24.93;29.50
17/6/2023 14:23:50;24.93;29.56
17/6/2023 14:24:21;24.93;29.50
17/6/2023 14:24:51;24.93;29.56
17/6/2023 14:25:22;24.93;29.56
17/6/2023 14:25:53;24.93;29.44
17/6/2023 14:26:23;24.93;29.50
17/6/2023 14:26:54;24.93;29.50
17/6/2023 14:27:25;24.93;29.50
17/6/2023 14:27:55;24.93;29.50
17/6/2023 14:28:26;24.93;29.50
17/6/2023 14:28:57;24.93;29.44
17/6/2023 14:29:27;24.93;29.44
17/6/2023 14:29:58;24.93;29.50
17/6/2023 14:30:29;24.93;29.44
17/6/2023 14:30:59;24.93;29.50
17/6/2023 14:31:30;24.93;29.44
17/6/2023 14:32:1;24.93;29.44
17/6/2023 14:32:31;24.93;29.50
17/6/2023 14:33:2;25.42;29.56
17/6/2023 14:33:33;24.93;29.62
17/6/2023 14:34:3;25.42;29.62
17/6/2023 14:34:34;25.42;29.62
17/6/2023 14:35:5;25.42;29.62
17/6/2023 14:35:35;25.42;29.56
17/6/2023 14:36:6;25.42;29.56
17/6/2023 14:36:37;25.42;29.50
17/6/2023 14:37:7;25.42;29.50
17/6/2023 14:37:38;24.93;29.56
17/6/2023 14:38:9;25.42;29.50
